State,District,Latitude,Longitude,District code,Population,sex_ratio,literacy_rate,Hindu_pct,Muslims_pct,Christians_pct,Male_literacy_rate,Female_literacy_rate,Male_pct,Female_pct,Internet_pct,Electricity_pct,Gender_literacy_gap,Workers_pct,Non_workers_pct,Urban_pct,Rural_pct
Andhra Pradesh,Adilabad,19.284513950073435,78.81321233480176,532,2741239,100.15,54.11,87.55,10.07,0.56,62.53,45.71,49.96,50.04,0.67,69.23,16.82,48.29,51.71,26.93,73.07
Andhra Pradesh,Anantapur,14.312065561843148,77.4601584478577,553,4081148,97.68,56.63,88.2,10.87,0.5,64.83,48.22,50.59,49.41,0.69,72.16,16.61,49.89,50.11,27.44,72.56
Andhra Pradesh,Chittoor,13.33109263067696,78.92763898886037,554,4174064,99.7,63.92,89.54,9.53,0.58,71.04,56.77,50.08,49.92,1.06,72.44,14.27,46.32,53.68,30.36,69.64
Andhra Pradesh,East Godavari,16.782718320784902,82.2432074720511,545,5154296,100.58,63.8,96.68,1.51,1.51,66.81,60.81,49.86,50.14,1.4,80.78,6.0,40.62,59.38,25.31,74.69
Andhra Pradesh,Guntur,15.884925767634847,80.58657614107885,548,4887813,100.28,60.57,86.29,11.45,1.84,66.98,54.17,49.93,50.07,1.22,74.92,12.81,48.73,51.27,32.41,67.59
Andhra Pradesh,Hyderabad,17.38971555555556,78.46668888888888,536,3943323,95.35,73.34,51.89,43.45,2.22,76.42,70.11,51.19,48.81,13.98,81.57,6.31,35.84,64.16,100.0,0.0
Andhra Pradesh,Karimnagar,18.515483193277312,79.43765428571413,534,3776269,100.78,58.44,92.45,6.48,0.66,66.85,50.1,49.81,50.19,0.76,79.53,16.75,49.7,50.3,24.72,75.28
Andhra Pradesh,Khammam,17.683921325051784,80.67008643892335,541,2797370,101.11,58.28,92.78,5.68,1.2,64.82,51.81,49.72,50.28,0.99,76.79,13.01,50.41,49.59,23.13,76.87
Andhra Pradesh,Krishna,16.143872753151673,81.14805061000413,547,4517398,99.23,66.63,89.07,6.8,3.22,70.52,62.7,50.19,49.81,2.06,78.84,7.82,45.36,54.64,38.41,61.59
Andhra Pradesh,Kurnool,15.43759715142429,77.90086836581717,552,4053463,98.77,52.48,82.11,16.55,0.82,61.12,43.73,50.31,49.69,0.92,74.87,17.39,50.07,49.93,28.14,71.86
Andhra Pradesh,Mahbubnagar,16.639546224256293,77.98933089244859,538,4053028,97.67,47.88,90.63,8.24,0.53,56.5,39.06,50.59,49.41,0.61,75.03,17.44,51.38,48.62,15.95,84.05
Andhra Pradesh,Medak,17.889304978038055,78.13778901903379,535,3033288,99.16,53.97,86.95,11.29,1.13,62.6,45.27,50.21,49.79,1.09,76.63,17.33,47.55,52.45,24.77,75.23
Andhra Pradesh,Nalgonda,17.113250515463907,79.16984453608244,539,3488809,98.25,57.36,93.13,5.41,1.0,65.96,48.6,50.44,49.56,0.75,76.55,17.36,49.92,50.08,19.15,80.85
Andhra Pradesh,Nizamabad,18.429485849056604,78.07523490566035,533,2551335,104.0,54.47,83.23,15.35,0.77,63.18,46.1,49.02,50.98,0.73,75.79,17.08,49.43,50.57,21.54,78.46000000000001
Andhra Pradesh,Prakasam,15.489039001601704,80.11665790176184,549,3397448,98.13,56.05,92.72,6.49,0.55,64.6,47.35,50.47,49.53,0.57,70.22,17.25,50.05,49.95,19.68,80.32
Andhra Pradesh,Srikakulam,18.570900998697432,84.25874814010675,542,2703114,101.46,55.32,98.66,0.33,0.7,63.93,46.83,49.64,50.36,0.44,68.2,17.1,47.73,52.27,16.59,83.41
Andhra Pradesh,Vizianagaram,18.28329696032972,83.45982854198873,543,2344474,101.85,52.82,98.07,0.7,0.76,60.91,44.88,49.54,50.46,0.59,70.41,16.03,49.39,50.61,20.95,79.05
Andhra Pradesh,Warangal,18.01752608695651,79.87422028985509,540,3512576,99.66,58.79,93.2,5.62,0.89,67.06,50.49,50.09,49.91,1.24,79.09,16.57,48.56,51.44,27.53,72.47
Andhra Pradesh,West Godavari,16.63297943925236,81.45912990654196,546,3936966,100.36,67.37,94.82,2.19,2.77,70.19,64.56,49.91,50.09,0.96,81.04,5.63,45.04,54.96,19.78,80.22
Arunachal Pradesh,Changlang,27.36048479338845,96.37552644628106,253,148226,92.63,49.37,32.17,1.44,24.27,57.22,40.89,51.91,48.09,0.43,36.56,16.33,42.48,57.52,16.28,83.72
Arunachal Pradesh,East Kameng,27.371194055944056,93.04741486013997,247,78690,102.94,48.86,15.67,0.83,47.19,55.7,42.21,49.28,50.72,0.29,26.97,13.49,40.3,59.7,26.45,73.55
Arunachal Pradesh,East Siang,28.15382352941176,95.06499226006191,251,99214,97.97,63.07,28.07,2.31,18.4,68.26,57.77,50.51,49.49,1.55,49.04,10.49,40.54,59.46,32.82,67.18
Arunachal Pradesh,Kurung Kumey,28.04853351800553,93.24531994459834,256,92076,103.18,39.76,5.28,0.51,55.59,44.7,34.96,49.22,50.78,0.48,19.86,9.74,41.32,58.68,5.54,94.46
Arunachal Pradesh,Lohit,27.946785273972623,96.59670770547945,259,145726,91.19,57.0,67.95,2.64,7.33,63.47,49.9,52.3,47.7,0.69,38.15,13.57,41.82,58.18,25.29,74.71000000000001
Arunachal Pradesh,Lower Dibang Valley,28.32651730103806,95.76567335640142,258,54080,92.78,58.89,53.47,4.15,17.04,64.47,52.88,51.87,48.13,1.3,37.19,11.59,41.28,58.72,24.76,75.24
Arunachal Pradesh,Lower Subansiri,27.70849297297297,93.96226108108112,255,83030,98.43,65.11,11.5,1.78,41.43,70.43,59.7,50.4,49.6,1.62,53.21,10.73,36.37,63.63,22.85,77.15
Arunachal Pradesh,Papum Pare,27.273529716981127,93.54468183962264,248,176573,97.99,68.55,32.3,3.48,47.8,73.77,63.23,50.51,49.49,4.91,60.49,10.54,37.25,62.75,59.78,40.22
Arunachal Pradesh,Tawang,27.680683962264148,91.82504245283016,245,49977,71.44,52.17,23.69,1.57,1.55,60.79,40.11,58.33,41.67,0.73,65.51,20.68,57.15,42.85,18.6,81.4
Arunachal Pradesh,Tirap,26.94406229508198,95.41470327868862,254,111975,94.39,42.84,18.47,0.99,74.45,50.89,34.32,51.44,48.56,0.39,64.31,16.57,44.8,55.2,26.08,73.92
Arunachal Pradesh,Upper Siang,28.8309244897959,95.00155765306124,252,35320,88.89,51.51,14.9,1.16,15.98,57.35,44.96,52.94,47.06,0.9,57.65,12.39,49.95,50.05,20.3,79.7
Arunachal Pradesh,Upper Subansiri,28.277196566523585,93.8991435622318,249,83448,99.84,54.26,16.15,0.62,10.52,59.41,49.1,50.04,49.96,0.72,27.96,10.31,39.99,60.01,24.32,75.68
Arunachal Pradesh,West Kameng,27.46486582278483,92.65015750452083,246,83947,81.88,57.77,37.24,2.35,10.08,64.06,50.08,54.98,45.02,0.83,58.64,13.98,50.62,49.38,26.06,73.94
Arunachal Pradesh,West Siang,28.106296920289843,94.53510344202908,250,112274,93.02,57.67,14.14,1.98,26.69,63.23,51.69,51.81,48.19,0.98,46.15,11.54,43.8,56.2,27.63,72.37
Assam,Barpeta,26.427872264631056,90.97912010178116,303,1693622,95.34,52.97,29.11,70.74,0.06,57.56,48.15,51.19,48.81,0.42,16.98,9.41,33.17,66.83,10.45,89.55
Assam,Bongaigaon,26.45012521994133,90.6734296187684,319,738804,96.59,58.75,48.61,50.22,0.8,63.09,54.26,50.87,49.13,1.14,22.63,8.83,34.62,65.38,17.46,82.53999999999999
Assam,Cachar,24.815570668693017,92.86849650455927,316,1736617,95.94,67.61,59.83,37.71,2.17,72.21,62.82,51.04,48.96,1.22,32.22,9.39,35.01,64.99,20.44,79.56
Assam,Darrang,26.58463215962442,92.04141338028155,325,928500,95.36,52.45,35.25,64.34,0.18,56.53,48.18,51.19,48.81,0.4,15.74,8.35,34.99,65.01,6.99,93.01
Assam,Dhemaji,27.586533438485816,94.71336908517353,308,686133,95.34,61.65,95.47,1.96,1.27,67.69,55.32,51.19,48.81,0.52,12.35,12.37,46.17,53.83,7.23,92.77
Assam,Dibrugarh,27.30612284482757,95.0998282327587,310,1326335,96.08,66.69,90.35,4.86,3.99,72.64,60.5,51.0,49.0,2.34,36.25,12.14,42.26,57.74,20.47,79.53
Assam,Goalpara,26.017277777777807,90.59869891598912,302,1008183,96.42,55.9,34.51,57.52,7.72,59.28,52.39,50.91,49.09,0.51,29.33,6.89,35.96,64.04,14.73,85.27
Assam,Golaghat,26.377219709794485,93.82583397823468,313,1066888,96.42,67.65,85.99,8.46,4.74,72.99,62.11,50.91,49.09,0.94,25.18,10.88,44.98,55.02,10.45,89.55
Assam,Hailakandi,24.457496089385486,92.59154664804475,318,659296,95.12,61.79,38.1,60.31,1.29,67.13,56.17,51.25,48.75,0.69,25.16,10.96,32.5,67.5,9.24,90.76
Assam,Jorhat,26.76244824016563,94.30197722567289,312,1092256,96.16,72.78,92.31,5.01,1.93,77.65,67.72,50.98,49.02,1.54,33.25,9.93,45.65,54.35,22.01,77.99
Assam,Kamrup,26.170939452054807,91.58863273972592,321,1517542,94.94,65.59,57.82,39.66,2.19,70.68,60.22,51.3,48.7,0.72,28.13,10.46,41.45,58.55,10.09,89.91
Assam,Karbi Anglong,26.08966454598031,93.11536570271832,314,956313,95.1,58.27,80.1,2.12,16.5,64.11,52.12,51.26,48.74,0.76,21.32,11.99,40.1,59.9,14.7,85.3
Assam,Karimganj,24.69660712250711,92.3679498575498,317,1228686,96.32,64.73,42.48,56.36,0.98,69.65,59.61,50.94,49.06,0.66,24.08,10.04,32.49,67.51,11.1,88.9
Assam,Kokrajhar,26.497246635730868,90.13997470997688,300,887142,95.88,55.16,59.64,28.44,11.4,60.77,49.3,51.05,48.95,0.55,18.64,11.47,38.45,61.55,7.71,92.29
Assam,Lakhimpur,27.14128805970149,94.0775949253732,307,1042137,96.75,65.59,76.49,18.57,4.43,70.9,60.09,50.83,49.17,0.59,18.39,10.81,41.26,58.74,10.58,89.42
Assam,Nagaon,26.26462170626351,92.9306191144708,305,2823768,96.22,60.58,43.39,55.36,0.95,64.06,56.97,50.96,49.04,0.64,24.48,7.09,34.71,65.29,15.54,84.46000000000001
Assam,Nalbari,26.46323767605632,91.40598521126763,323,771639,94.86,68.91,63.71,35.96,0.06,74.04,63.52,51.32,48.68,0.68,28.59,10.52,34.68,65.32,11.82,88.18
Assam,Sonitpur,26.73514926829268,92.85197804878044,306,1924110,95.56,57.61,73.95,18.22,7.18,63.07,51.91,51.14,48.86,0.8,24.34,11.16,40.05,59.95,11.78,88.22
Assam,Tinsukia,27.53549291139241,95.69055949367085,309,1327929,95.22,60.12,88.96,3.64,5.79,66.66,53.25,51.22,48.78,1.35,42.38,13.41,41.96,58.04,23.82,76.18
Bihar,Araria,26.211528119180603,87.30766554934816,209,2811569,92.13,42.53,56.68,42.95,0.15,49.73,34.72,52.05,47.95,0.36,6.16,15.01,38.05,61.95,6.29,93.71
Bihar,Aurangabad,24.774291867469877,84.45986024096379,235,2540073,92.62,57.71,90.2,9.34,0.09,65.88,48.9,51.92,48.08,0.49,9.31,16.98,32.98,67.02,10.27,89.73
Bihar,Aurangabad,24.774291867469877,84.45986024096379,515,3701282,92.33,67.65,68.77,21.25,0.43,74.35,60.38,51.99,48.01,2.38,60.2,13.97,42.55,57.45,43.65,56.35
Bihar,Banka,24.832355642023337,86.8664916342413,225,2034763,90.67,47.44,87.12,12.33,0.3,55.38,38.69,52.45,47.55,0.38,14.04,16.69,37.9,62.1,4.16,95.84
Bihar,Begusarai,25.54302613168723,86.12560144032932,222,2970541,89.49,52.13,85.99,13.71,0.07,58.59,44.92,52.77,47.23,0.63,16.41,13.67,31.58,68.42,18.98,81.02
Bihar,Bhagalpur,25.277192885375477,87.04213814229242,224,3037766,88.02,51.78,81.9,17.68,0.12,58.04,44.68,53.19,46.81,1.04,26.72,13.36,32.38,67.62,20.0,80.0
Bihar,Bhojpur,25.50666439393939,84.49407803030304,231,2728407,90.75,58.61,92.3,7.25,0.08,68.06,48.2,52.43,47.57,0.72,12.14,19.86,30.15,69.85,15.11,84.89
Bihar,Buxar,25.48593018867924,84.08808081760995,232,1706352,92.16,58.01,93.27,6.18,0.12,66.84,48.42,52.04,47.96,0.53,13.97,18.42,31.55,68.45,10.58,89.42
Bihar,Darbhanga,26.146187719298258,85.97387352472099,215,3937385,91.14,46.14,77.28,22.39,0.09,54.64,36.81,52.32,47.68,0.63,12.71,17.83,31.08,68.92,9.53,90.47
Bihar,Gaya,24.7266541547278,84.94291217765044,236,4391418,93.75,52.32,88.27,11.12,0.09,60.39,43.71,51.61,48.39,0.85,13.95,16.68,37.89,62.11,13.78,86.22
Bihar,Gopalganj,26.44874364161851,84.34636127167629,217,2562012,102.1,53.98,82.72,17.02,0.1,62.63,45.51,49.48,50.52,0.67,12.52,17.12,28.42,71.58,6.88,93.12
Bihar,Jamui,24.78418380462726,86.26316298200514,238,1760405,92.17,48.77,86.67,12.36,0.48,58.33,38.4,52.04,47.96,0.52,9.15,19.93,41.33,58.67,8.65,91.35
Bihar,Jehanabad,25.155679045643165,84.9208124481328,239,1125313,92.17,55.0,92.87,6.73,0.06,63.94,45.29,52.04,47.96,0.51,12.87,18.65,32.47,67.53,13.1,86.9
Bihar,Katihar,25.56565356037151,87.70466083591326,212,3071029,91.89,41.69,54.85,44.47,0.28,47.63,35.22,52.11,47.89,0.4,8.25,12.41,33.0,67.0,9.46,90.53999999999999
Bihar,Khagaria,25.53558891454964,86.56593256351037,223,1666886,88.61,46.08,89.21,10.53,0.08,52.18,39.19,53.02,46.98,0.4,10.3,12.99,33.64,66.36,5.32,94.68
Bihar,Kishanganj,26.324336758321294,87.95045007235886,210,1690400,94.98,44.08,31.43,67.98,0.34,50.74,37.06,51.29,48.71,0.25,13.19,13.68,31.3,68.7,9.74,90.26
Bihar,Lakhisarai,25.183449321266963,86.12825701357468,227,1000912,90.16,50.68,95.55,4.08,0.05,57.98,42.58,52.59,47.41,0.57,21.43,15.4,32.63,67.37,15.3,84.7
Bihar,Madhepura,25.77341929460581,86.8978443983403,213,2001762,91.09,41.69,87.61,12.08,0.07,49.42,33.21,52.33,47.67,0.27,4.55,16.21,38.84,61.16,4.7,95.3
Bihar,Madhubani,26.41380538172716,86.16328360450552,207,4487379,92.65,48.03,81.39,18.25,0.07,57.53,37.78,51.91,48.09,0.49,10.4,19.75,36.48,63.52,3.79,96.21
Bihar,Munger,25.198537962962963,86.54173672839504,226,1367765,87.61,58.62,91.56,8.07,0.13,64.98,51.36,53.3,46.7,0.86,29.36,13.62,31.19,68.81,27.85,72.15
Bihar,Muzaffarpur,26.18664417177915,85.32745092024543,216,4801062,89.95,52.26,84.0,15.53,0.11,58.84,44.96,52.64,47.36,0.92,16.14,13.88,32.23,67.77,10.78,89.22
Bihar,Nalanda,25.229345508982053,85.48053113772461,229,2877653,92.22,52.82,92.78,6.88,0.07,61.42,43.49,52.02,47.98,0.67,16.44,17.93,36.33,63.67,16.63,83.37
Bihar,Nawada,24.825708836206903,85.61594568965519,237,2219146,93.87,49.16,88.53,11.01,0.06,57.61,40.16,51.58,48.42,0.43,7.33,17.45,36.82,63.18,10.67,89.33
Bihar,Pashchim Champaran,27.16064352201258,84.30265911949685,203,3935042,90.92,44.71,77.44,21.98,0.22,52.94,35.66,52.38,47.62,0.37,6.15,17.28,37.58,62.42,10.32,89.68
Bihar,Patna,25.40297114503818,85.3198433587787,230,5838465,89.65,59.26,91.74,7.54,0.21,65.88,51.87,52.73,47.27,3.36,45.19,14.01,32.23,67.77,45.62,54.38
Bihar,Purba Champaran,26.68129336734693,85.00382155612242,204,5099371,90.19,44.65,80.14,19.42,0.1,52.5,35.95,52.58,47.42,0.62,6.03,16.55,34.07,65.93,8.17,91.83
Bihar,Purnia,25.81714801901739,87.40447606973065,211,3264619,92.11,40.81,60.94,38.46,0.24,47.39,33.67,52.05,47.95,0.52,10.78,13.72,35.02,64.98,10.74,89.26
Bihar,Rohtas,24.99170460829495,83.9350762672811,234,2959918,91.76,60.81,89.37,10.15,0.1,68.79,52.11,52.15,47.85,0.76,18.89,16.68,31.25,68.75,15.73,84.27
Bihar,Saharsa,25.821270696721303,86.54670819672135,214,1900661,90.6,42.35,85.72,14.03,0.07,50.78,33.05,52.46,47.54,0.35,8.78,17.73,34.19,65.81,8.08,91.92
Bihar,Samastipur,25.793205563909765,85.94833323308269,221,4261566,91.1,50.28,89.18,10.62,0.05,58.01,41.81,52.33,47.67,0.51,8.33,16.2,31.52,68.48,4.12,95.88
Bihar,Saran,25.89656077844312,84.82266287425155,219,3951862,95.36,54.59,89.45,10.28,0.06,63.56,45.19,51.19,48.81,0.58,12.19,18.37,26.32,73.68,9.81,90.19
Bihar,Sheikhpura,25.12472436548223,85.77839390862943,228,636342,92.98,51.65,93.68,5.92,0.05,59.57,43.13,51.82,48.18,0.48,15.13,16.44,35.3,64.7,18.35,81.65
Bihar,Sheohar,26.458380748663107,85.29539411764709,205,656246,89.3,43.23,84.19,15.14,0.08,49.51,36.2,52.83,47.17,0.29,6.03,13.31,32.97,67.03,4.53,95.47
Bihar,Sitamarhi,26.56570069686413,85.61172491289203,206,3423574,89.86,41.97,78.06,21.62,0.08,49.09,34.04,52.67,47.33,0.4,7.73,15.05,32.56,67.44,5.8,94.2
Bihar,Siwan,26.1736372013652,84.33766552901022,218,3330464,98.82,57.96,81.45,18.26,0.08,66.62,49.19,50.3,49.7,0.57,7.85,17.43,28.0,72.0,6.21,93.79
Bihar,Supaul,26.28157893772896,86.78496465201461,208,2229076,92.95,46.35,81.2,18.36,0.17,56.06,35.91,51.83,48.17,0.31,8.5,20.15,39.37,60.63,4.64,95.36
Bihar,Vaishali,25.8134703180212,85.39247597173153,220,3495021,89.48,55.13,90.2,9.56,0.06,62.49,46.91,52.78,47.22,0.64,9.32,15.58,30.34,69.66,6.86,93.14
Chandigarh,Chandigarh,30.7426,76.75872465753424,55,1055450,81.77,76.31,80.78,4.87,0.83,80.14,71.63,55.02,44.98,14.84,77.49,8.51,38.29,61.71,97.01,2.989999999999995
Chhattisgarh,Bastar,19.393866751269048,81.52895126903546,414,1413199,102.32,46.06,90.43,0.88,1.98,54.74,37.57,49.43,50.57,0.48,42.46,17.17,51.41,48.59,14.78,85.22
Chhattisgarh,Bilaspur,22.356942982456143,81.99770350877188,30,381956,98.15,75.3,97.39,1.83,0.06,80.72,69.78,50.47,49.53,0.96,48.13,10.94,53.9,46.1,7.29,92.71
Chhattisgarh,Bilaspur,22.356942982456143,81.99770350877188,406,2663629,97.08,59.94,95.39,2.18,0.78,68.99,50.61,50.74,49.26,1.16,70.44,18.38,45.17,54.83,25.5,74.5
Chhattisgarh,Dhamtari,20.554912627291245,81.7569195519348,412,799781,101.0,68.37,97.18,1.3,0.33,76.38,60.44,49.75,50.25,0.48,70.76,15.94,50.38,49.62,19.86,80.14
Chhattisgarh,Durg,21.194463849287164,81.33181639511197,409,3343872,98.79,68.88,93.6,2.5,0.73,76.37,61.31,50.3,49.7,1.83,69.53,15.06,44.76,55.24,39.6,60.4
Chhattisgarh,Jashpur,22.77286167664669,83.8703962075848,402,851669,100.51,58.17,73.91,1.8,22.26,66.08,50.3,49.87,50.13,0.25,33.92,15.78,57.22,42.78,9.15,90.85
Chhattisgarh,Korba,22.491712499999995,82.57604326923074,404,1206640,96.87,62.05,93.91,2.5,1.75,70.71,53.12,50.8,49.2,1.37,60.84,17.59,43.19,56.81,37.89,62.11
Chhattisgarh,Koriya,23.50412776859501,82.12515636363635,400,658917,96.85,60.38,91.7,3.93,1.43,68.69,51.79,50.8,49.2,0.92,44.06,16.9,46.6,53.4,32.91,67.09
Chhattisgarh,Mahasamund,21.223727037773354,82.65925427435384,411,1032754,101.72,61.77,97.61,1.22,0.51,71.12,52.59,49.57,50.43,0.31,68.42,18.53,48.34,51.66,11.52,88.48
Chhattisgarh,Raigarh,22.008265068493166,83.27797698630134,403,1493984,99.12,63.7,95.25,1.16,3.19,72.34,54.98,50.22,49.78,0.79,70.63,17.36,46.2,53.8,15.83,84.17
Chhattisgarh,Raigarh,22.008265068493166,83.27797698630134,520,2634200,95.95,73.65,85.01,8.64,0.66,78.83,68.25,51.03,48.97,4.02,57.06,10.58,40.73,59.27,39.33,60.67
Chhattisgarh,Raipur,20.88603153846152,82.20032759615388,410,4063872,98.41,64.71,95.51,2.54,0.57,72.9,56.39,50.4,49.6,1.9,68.18,16.51,43.25,56.75,36.97,63.03
Chhattisgarh,Surguja,23.32719278728607,83.23582493887531,401,2359886,97.79,50.34,90.1,3.45,4.13,58.22,42.28,50.56,49.44,0.46,42.85,15.94,48.98,51.02,11.03,88.97
Daman and Diu,Daman,20.431616666666677,72.8392366071429,495,191173,53.36,78.64,89.73,8.41,1.37,83.68,69.21,65.21,34.79,1.85,69.29,14.47,55.2,44.8,85.92,14.079999999999998
Daman and Diu,Junagadh,20.72568199498111,70.83985639899612,479,2743082,95.33,67.18,87.39,12.21,0.09,74.55,59.45,51.2,48.8,0.85,64.16,15.1,40.97,59.03,37.01,62.99
Goa,North Goa,15.548723418714054,73.80667997909038,585,818008,96.32,81.06,76.06,7.08,16.4,84.42,77.57,50.94,49.06,7.21,53.51,6.85,40.06,59.94,64.36,35.64
Goa,South Goa,15.195278658183785,73.941792596877,586,640537,98.64,78.44,53.34,9.93,36.21,81.9,74.93,50.34,49.66,7.01,55.19,6.97,38.97,61.03,64.76,35.239999999999995
Gujarat,Ahmadabad,22.605425564971743,72.23898135593227,474,7214225,90.45,75.35,83.76,12.24,0.7,79.87,70.35,52.51,47.49,5.75,66.23,9.52,35.97,64.03,83.94,16.060000000000002
Gujarat,Amreli,21.04832649310872,71.43457637825426,480,1514190,96.38,65.74,93.15,6.55,0.06,72.39,58.84,50.92,49.08,0.59,63.47,13.55,43.4,56.6,27.15,72.85
Gujarat,Anand,22.282718206229863,72.57782051557454,482,2092745,92.49,74.13,85.95,11.99,1.42,80.43,67.31,51.95,48.05,1.59,60.82,13.12,40.37,59.63,33.59,66.41
Gujarat,Banas Kantha,24.258538965517253,71.93205252873561,469,3120506,93.77,54.64,92.62,6.84,0.05,65.1,43.47,51.61,48.39,0.43,49.35,21.63,40.01,59.99,17.09,82.91
Gujarat,Bharuch,21.75787276237761,72.67326346710801,488,1551019,92.5,72.1,76.61,22.15,0.61,77.33,66.45,51.95,48.05,2.13,64.13,10.88,40.43,59.57,37.62,62.38
Gujarat,Bhavnagar,21.70219390341736,72.16272632761141,481,2880365,93.29,65.52,91.4,7.39,0.12,72.97,57.54,51.74,48.26,0.98,67.3,15.43,39.95,60.05,47.96,52.04
Gujarat,Gandhinagar,23.193679790026252,72.67221679790026,473,1391753,92.27,74.04,94.81,4.12,0.23,80.5,67.05,52.01,47.99,2.79,60.6,13.45,38.44,61.56,45.15,54.85
Gujarat,Jamnagar,22.410600414263328,69.62062005768233,477,2160119,93.87,64.65,83.81,14.85,0.2,71.36,57.5,51.58,48.42,1.79,59.81,13.86,39.23,60.77,46.29,53.71
Gujarat,Junagadh,20.929523011609785,70.54733890140345,479,2743082,95.33,67.18,87.39,12.21,0.09,74.55,59.45,51.2,48.8,0.85,64.16,15.1,40.97,59.03,37.01,62.99
Gujarat,Kachchh,23.48057203301311,68.82192301497916,468,2092371,90.78,59.85,76.89,21.14,0.3,67.4,51.53,52.42,47.58,1.3,54.55,15.87,37.1,62.9,33.95,66.05
Gujarat,Kheda,22.88765312500002,73.018803515625,483,2299885,93.96,72.19,87.0,11.5,1.16,79.49,64.42,51.56,48.44,0.92,59.84,15.07,40.61,59.39,25.81,74.19
Gujarat,Mahesana,23.529355452865065,72.45545194085031,471,2035064,92.62,73.84,92.66,6.7,0.1,80.22,66.95,51.92,48.08,1.18,58.45,13.27,39.9,60.1,27.85,72.15
Gujarat,Narmada,21.70666386292833,73.68403208722742,487,590297,96.06,62.74,94.84,3.83,0.75,70.33,54.83,51.01,48.99,0.36,63.57,15.5,49.94,50.06,13.87,86.13
Gujarat,Navsari,20.866973318871995,72.86184869848157,490,1329672,96.07,75.35,92.13,5.92,0.43,79.55,70.98,51.0,49.0,1.64,65.42,8.57,44.51,55.49,34.56,65.44
Gujarat,Panch Mahals,22.80435606837605,73.61984598290586,484,2390776,94.85,60.27,92.9,6.63,0.12,69.93,50.07,51.32,48.68,0.61,70.28,19.86,45.91,54.09,18.36,81.64
Gujarat,Patan,23.80634198473284,71.75162977099237,470,1343734,93.51,62.36,88.91,10.63,0.07,71.23,52.87,51.68,48.32,0.55,55.28,18.36,41.29,58.71,25.4,74.6
Gujarat,Porbandar,21.55092351651571,69.71896987722886,478,585449,95.01,67.24,93.9,5.73,0.09,73.82,60.32,51.28,48.72,0.9,63.76,13.5,39.49,60.51,47.7,52.3
Gujarat,Rajkot,22.40603377715488,70.83679439383323,476,3804558,92.69,71.63,89.3,9.5,0.14,76.68,66.17,51.9,48.1,1.84,63.28,10.51,38.88,61.12,61.09,38.91
Gujarat,Sabar Kantha,23.71803594548552,73.13638790459964,472,2428589,95.19,65.01,93.08,6.12,0.26,73.83,55.74,51.23,48.77,0.79,65.9,18.09,44.67,55.33,18.26,81.74
Gujarat,Surat,21.25761372772093,72.93488716344339,492,6081322,78.75,75.17,86.5,10.87,0.35,78.99,70.32,55.95,44.05,2.93,65.92,8.67,41.99,58.01,80.53,19.47
Gujarat,Surendranagar,22.82672007299272,71.48358740875906,475,1756268,93.01,62.27,92.26,6.25,0.08,70.69,53.22,51.81,48.19,0.59,60.34,17.47,41.2,58.8,31.92,68.08
Gujarat,The Dangs,20.801633877551023,73.6883518367347,489,228291,100.57,61.75,89.16,1.57,8.77,67.93,55.61,49.86,50.14,0.23,49.97,12.32,51.8,48.2,12.61,87.39
Gujarat,Vadodara,22.26133739279589,73.49433010291594,486,4165626,93.41,69.45,89.16,9.23,0.57,74.94,63.57,51.7,48.3,4.32,64.36,11.37,40.65,59.35,55.87,44.13
Gujarat,Valsad,20.44238231644259,72.9148584798345,491,1705678,92.25,68.63,92.11,5.51,1.15,73.89,62.94,52.02,47.98,2.21,66.06,10.95,43.57,56.43,47.35,52.65
Haryana,Ambala,30.3503672316384,76.94970310734456,70,1128350,88.47,72.5,84.65,1.96,0.33,77.05,67.35,53.06,46.94,4.09,63.34,9.7,32.98,67.02,44.37,55.63
Haryana,Bhiwani,28.728868064516128,76.02110225806452,81,1634445,88.59,65.46,98.57,0.95,0.05,74.21,55.58,53.03,46.97,1.16,58.35,18.63,38.12,61.88,21.75,78.25
Haryana,Faridabad,28.14873109756098,77.32718536585368,88,1809733,87.32,70.33,87.77,8.93,0.54,76.07,63.75,53.38,46.62,9.23,70.78,12.32,32.01,67.99,81.37,18.629999999999995
Haryana,Fatehabad,29.57298318584072,75.54608716814157,78,942011,90.17,59.19,82.72,0.89,0.11,66.11,51.52,52.59,47.41,1.24,59.33,14.59,39.18,60.82,21.43,78.57
Haryana,Gurgaon,28.043894789579163,77.01935130260523,86,1514432,85.44,73.37,93.03,4.68,0.64,78.2,67.71,53.93,46.07,12.81,58.38,10.49,35.97,64.03,72.94,27.060000000000002
Haryana,Hisar,29.23628731117825,75.84324682779452,80,1743931,87.21,63.9,97.54,1.24,0.11,71.94,54.67,53.42,46.58,2.22,62.48,17.27,39.66,60.34,33.79,66.21000000000001
Haryana,Jhajjar,28.59651868131869,76.61137142857145,83,958405,86.22,70.54,98.67,0.86,0.08,77.62,62.34,53.7,46.3,1.74,58.09,15.28,34.07,65.93,27.0,73.0
Haryana,Jind,29.45149821958457,76.29598575667653,77,1334152,87.12,62.42,95.69,1.73,0.07,70.41,53.24,53.44,46.56,1.43,60.45,17.17,39.23,60.77,24.37,75.63
Haryana,Kaithal,29.96068539094649,76.37698930041155,73,1074304,88.14,60.18,90.71,0.77,0.16,67.56,51.81,53.15,46.85,1.21,61.07,15.75,34.8,65.2,24.67,75.33
Haryana,Karnal,29.703200647249204,76.87488025889972,74,1505324,88.71,64.97,89.08,2.1,0.14,70.77,58.44,52.99,47.01,2.6,62.35,12.33,34.28,65.72,31.71,68.28999999999999
Haryana,Kurukshetra,30.05652659846548,76.78774680306903,72,964655,88.79,67.06,83.47,1.66,0.2,72.57,60.85,52.97,47.03,2.52,58.91,11.72,34.91,65.09,30.25,69.75
Haryana,Mahendragarh,28.1352161458333,76.14018072916659,84,922088,89.47,68.35,99.04,0.61,0.03,78.17,57.37,52.78,47.22,0.98,50.55,20.8,36.72,63.28,16.5,83.5
Haryana,Panchkula,30.700897142857134,76.97173238095236,69,561293,87.3,72.21,87.42,4.18,0.46,76.7,67.07,53.39,46.61,11.31,62.87,9.63,37.68,62.32,56.92,43.08
Haryana,Panipat,29.34352134146342,76.92895914634147,75,1205437,86.35,65.25,89.92,7.19,0.19,71.75,57.73,53.66,46.34,3.06,64.15,14.02,34.2,65.8,46.99,53.01
Haryana,Rewari,28.19164714828897,76.55956007604564,85,900332,89.81,70.75,98.76,0.63,0.08,79.15,61.38,52.68,47.32,1.91,56.8,17.77,37.51,62.49,25.79,74.21000000000001
Haryana,Rohtak,28.892517647058817,76.53123235294117,82,1061204,86.67,70.45,98.37,0.77,0.07,76.7,63.23,53.57,46.43,2.76,62.92,13.47,32.6,67.4,42.92,57.08
Haryana,Sirsa,29.63583446327684,74.90970480225988,79,1295189,89.75,60.45,72.6,0.74,0.17,66.95,53.2,52.7,47.3,1.86,63.62,13.75,38.76,61.24,27.54,72.46000000000001
Himachal Pradesh,Bilaspur,31.3780422907489,76.65316079295157,30,381956,98.15,75.3,97.39,1.83,0.06,80.72,69.78,50.47,49.53,0.96,48.13,10.94,53.9,46.1,7.29,92.71
Himachal Pradesh,Bilaspur,31.3780422907489,76.65316079295157,406,2663629,97.08,59.94,95.39,2.18,0.78,68.99,50.61,50.74,49.26,1.16,70.44,18.38,45.17,54.83,25.5,74.5
Himachal Pradesh,Chamba,32.66741814595661,76.39354063116366,23,519080,98.64,62.39,92.43,6.25,0.3,71.2,53.45,50.34,49.66,0.81,47.99,17.75,56.65,43.35,6.91,93.09
Himachal Pradesh,Hamirpur,31.67668481012659,76.49767088607594,28,454768,109.5,78.74,98.82,0.82,0.05,83.18,74.69,47.73,52.27,1.19,49.26,8.49,53.2,46.8,7.21,92.79
Himachal Pradesh,Hamirpur,31.67668481012659,76.49767088607594,168,1104285,86.05,59.16,91.46,8.26,0.07,68.76,48.0,53.75,46.25,0.38,17.96,20.76,40.18,59.82,17.76,82.24
Himachal Pradesh,Kangra,32.14093603238864,76.41205910931173,24,1510075,101.18,76.33,96.76,1.31,0.2,80.8,71.92,49.71,50.29,1.28,52.62,8.88,44.71,55.29,6.22,93.78
Himachal Pradesh,Kinnaur,31.60667184065933,78.51613736263741,34,84121,81.89,72.16,76.95,0.53,0.58,79.35,63.38,54.98,45.02,0.8,40.13,15.97,66.9,33.1,0.0,100.0
Himachal Pradesh,Kullu,31.90911922077925,77.40922649350647,26,437903,94.23,70.26,94.92,0.68,0.36,77.42,62.66,51.48,48.52,1.39,48.39,14.76,61.45,38.55,10.97,89.03
Himachal Pradesh,Mandi,31.635805940594054,76.96556930693067,27,999777,100.73,72.39,98.16,0.95,0.09,79.04,65.79,49.82,50.18,1.15,46.34,13.25,57.28,42.72,6.85,93.15
Himachal Pradesh,Shimla,31.155725451807253,77.62573042168668,33,814010,91.51,75.26,97.23,1.45,0.25,80.66,69.36,52.22,47.78,2.45,46.05,11.3,52.94,47.06,25.56,74.44
Himachal Pradesh,Sirmaur,30.682764453961443,77.43184689507493,32,529855,91.78,68.44,89.99,6.27,0.11,74.42,61.93,52.14,47.86,1.16,47.62,12.49,52.86,47.14,10.96,89.03999999999999
Himachal Pradesh,Solan,31.03864311926604,76.94442140672783,31,580320,87.96,73.85,94.53,2.53,0.25,79.15,67.83,53.2,46.8,2.15,49.07,11.32,51.48,48.52,21.08,78.92
Himachal Pradesh,Una,31.58330388349513,76.18353932038836,29,521173,97.64,76.7,92.13,2.74,0.07,80.88,72.41,50.6,49.4,1.18,51.62,8.47,41.32,58.68,9.81,90.19
Jammu and Kashmir,Doda,33.359614675767915,76.07163720136518,16,409936,91.88,53.44,45.77,53.82,0.12,64.88,40.99,52.12,47.88,0.45,46.27,23.89,37.06,62.94,8.49,91.51
Jammu and Kashmir,Jammu,32.713199095022645,74.8477520361991,21,1529958,88.0,74.32,84.27,7.03,0.79,78.88,69.15,53.19,46.81,3.96,58.64,9.73,33.24,66.76,49.35,50.65
Jammu and Kashmir,Kargil,33.565994894894914,76.63675315315312,4,140802,81.01,61.25,7.34,76.87,0.43,72.38,47.5,55.24,44.76,0.49,32.87,24.88,36.84,63.16,16.15,83.85
Jammu and Kashmir,Kathua,32.51781678321678,75.58901398601404,7,616435,89.03,63.14,87.61,10.42,0.3,70.07,55.35,52.9,47.1,0.67,50.93,14.72,32.51,67.49,15.58,84.42
Jammu and Kashmir,Pulwama,33.88414418604652,75.00921860465118,12,560440,91.23,52.45,2.47,95.49,0.2,60.85,43.25,52.29,47.71,0.91,43.51,17.6,33.62,66.38,12.83,87.17
Jammu and Kashmir,Punch,33.791241290322574,74.29593161290322,5,476835,89.3,54.89,6.84,90.45,0.2,64.84,43.74,52.83,47.17,0.23,42.67,21.1,33.85,66.15,10.36,89.64
Jammu and Kashmir,Srinagar,34.27312898550724,75.11021159420288,10,1236829,89.95,60.52,3.44,95.19,0.22,66.31,54.1,52.64,47.36,6.26,63.07,12.21,32.92,67.08,98.28,1.7199999999999989
Jammu and Kashmir,Udhampur,33.04770670731707,75.15286951219511,19,554985,87.0,58.08,88.12,10.77,0.35,66.56,48.34,53.48,46.52,0.66,40.36,18.22,43.91,56.09,18.92,81.08
Jharkhand,Bokaro,23.6814965034965,85.98398374125864,355,2062330,92.24,61.75,79.35,11.71,0.67,70.76,51.99,52.02,47.98,1.92,54.0,18.77,33.23,66.77,50.8,49.2
Jharkhand,Chatra,24.11619945750453,84.93295804701627,347,1042886,95.32,48.91,86.6,11.19,0.63,56.92,40.51,51.2,48.8,0.27,12.55,16.41,38.13,61.87,6.74,93.26
Jharkhand,Deoghar,24.33070100755672,86.75697632241814,350,1492073,92.52,53.18,78.09,20.28,0.4,63.2,42.35,51.94,48.06,0.6,40.47,20.85,36.96,63.04,20.0,80.0
Jharkhand,Dhanbad,23.854509090909097,86.40372924901185,354,2684487,90.94,64.15,80.07,16.08,0.42,72.19,55.32,52.37,47.63,1.74,64.31,16.87,31.46,68.54,61.04,38.96
Jharkhand,Dumka,24.275006125574265,87.27662450229711,362,1321442,97.67,50.88,79.06,8.09,6.54,60.77,40.76,50.59,49.41,0.36,19.0,20.01,47.28,52.72,7.12,92.88
Jharkhand,Garhwa,24.082114689265527,83.68664265536722,346,1322784,93.51,49.4,83.5,14.72,1.3,59.27,38.85,51.68,48.32,0.19,10.06,20.42,43.2,56.8,6.57,93.43
Jharkhand,Giridih,24.30578509874329,86.08710915619386,349,2445474,94.38,51.26,75.9,20.8,0.6,62.3,39.56,51.45,48.55,0.39,25.11,22.74,42.38,57.62,9.39,90.61
Jharkhand,Godda,24.8189,87.2941735483871,351,1313551,93.76,46.02,71.34,22.02,2.88,55.49,35.92,51.61,48.39,0.3,14.8,19.57,42.04,57.96,5.33,94.67
Jharkhand,Gumla,23.078532948929148,84.55056787479396,366,1025213,99.31,54.6,30.19,5.02,19.75,62.56,46.58,50.17,49.83,0.36,13.6,15.98,47.55,52.45,7.06,92.94
Jharkhand,Jamtara,23.97873318077801,86.95325080091534,363,791042,95.4,53.89,69.6,20.78,0.56,63.79,43.51,51.18,48.82,0.44,26.62,20.28,41.29,58.71,10.83,89.17
Jharkhand,Latehar,23.72511185840708,84.48298743362837,359,726978,96.66,48.24,65.07,9.6,6.55,56.73,39.45,50.85,49.15,0.21,23.79,17.28,43.11,56.89,8.81,91.19
Jharkhand,Lohardaga,23.488796043165483,84.6605169064748,356,461790,98.51,56.24,24.34,20.57,3.63,64.29,48.06,50.38,49.62,0.31,25.81,16.23,47.93,52.07,13.21,86.78999999999999
Jharkhand,Pakur,24.57260428082189,87.69691969178076,353,900422,98.92,39.19,45.55,35.87,8.43,45.73,32.58,50.27,49.73,0.15,14.46,13.15,44.93,55.07,7.64,92.36
Jharkhand,Palamu,24.196925968109337,84.20310842824594,358,1939869,92.77,52.82,86.77,12.28,0.32,61.78,43.15,51.87,48.13,0.53,16.73,18.63,36.76,63.24,12.84,87.16
Jharkhand,Ranchi,23.184235061391547,85.31781937244203,364,2914253,94.94,65.59,55.32,14.09,6.66,72.59,58.21,51.3,48.7,3.08,48.01,14.38,39.22,60.78,42.44,57.56
Jharkhand,Sahibganj,24.93667989690721,87.68264097938142,352,1150567,95.21,42.0,54.59,34.61,7.23,48.75,34.92,51.23,48.77,0.23,13.36,13.83,42.61,57.39,14.38,85.62
Jharkhand,Simdega,22.608760391198054,84.59193691931536,367,599578,99.65,57.29,33.61,2.52,51.14,63.93,50.62,50.09,49.91,0.27,10.86,13.31,48.14,51.86,7.16,92.84
Karnataka,Bagalkot,16.15860676328503,75.64526070853468,556,1889752,98.9,58.92,86.48,11.64,0.18,67.51,50.23,50.28,49.72,0.76,61.43,17.28,43.29,56.71,33.8,66.2
Karnataka,Bangalore Rural,12.936827087794448,77.47369314775169,583,990923,94.61,69.51,89.86,9.31,0.54,75.67,62.99,51.38,48.62,1.14,65.63,12.68,46.41,53.59,29.23,70.77
Karnataka,Belgaum,16.16107219152853,74.72329042357275,555,4779661,97.26,63.85,84.49,11.06,0.39,71.21,56.29,50.7,49.3,1.33,61.32,14.92,44.05,55.95,27.01,72.99
Karnataka,Bellary,15.074377548209377,76.47228471074374,565,2452595,98.28,57.96,85.77,13.08,0.57,65.76,50.03,50.43,49.57,1.54,70.63,15.73,45.54,54.46,40.4,59.6
Karnataka,Bidar,17.950361730769224,77.19459961538459,558,1703300,95.63,61.21,75.72,19.68,2.08,68.59,53.5,51.12,48.88,1.02,69.71,15.09,41.25,58.75,26.26,73.74
Karnataka,Bijapur,16.84015316666667,75.95909166666665,417,255230,98.37,34.06,96.05,0.63,1.06,42.03,25.95,50.41,49.59,0.2,21.43,16.08,52.71,47.29,13.6,86.4
Karnataka,Bijapur,16.84015316666667,75.95909166666665,557,2177331,95.98,57.33,82.07,16.97,0.11,65.76,48.55,51.03,48.97,0.95,61.91,17.21,42.61,57.39,24.84,75.16
Karnataka,Chikmagalur,13.425288289676422,75.67626502311249,570,1137961,100.83,71.91,88.28,8.9,2.28,77.35,66.53,49.79,50.21,1.15,60.78,10.82,49.72,50.28,20.58,79.42
Karnataka,Chitradurga,14.29102220394736,76.57821957236843,566,1659456,97.36,65.53,91.63,7.76,0.19,72.21,58.66,50.67,49.33,1.28,68.68,13.55,51.62,48.38,21.83,78.17
Karnataka,Davanagere,14.330414586709884,75.91723841166937,567,1945497,97.23,67.26,85.25,13.66,0.28,73.06,61.3,50.7,49.3,1.38,70.22,11.76,44.99,55.01,33.17,66.83
Karnataka,Dharwad,15.343831376975173,75.13831264108359,562,1847023,97.08,70.47,75.26,20.94,1.56,75.95,64.84,50.74,49.26,3.11,72.03,11.11,42.49,57.51,58.66,41.34
Karnataka,Gadag,15.507128256880746,75.64861302752298,561,1064570,98.19,65.77,85.27,13.5,0.32,73.94,57.45,50.46,49.54,1.16,67.84,16.49,46.57,53.43,38.33,61.67
Karnataka,Gulbarga,17.070459515951594,76.87503850385033,579,2566326,97.14,55.62,78.36,19.99,0.33,63.63,47.37,50.72,49.28,1.63,67.46,16.26,42.36,57.64,33.22,66.78
Karnataka,Hassan,12.945098749999998,76.11049549999997,574,1776421,101.03,68.97,91.8,6.76,0.88,75.69,62.33,49.74,50.26,0.77,63.71,13.36,50.87,49.13,21.13,78.87
Karnataka,Haveri,14.737582809224318,75.3961230607966,564,1597668,95.04,67.94,80.23,18.65,0.15,73.71,61.87,51.27,48.73,0.59,71.56,11.84,45.7,54.3,23.81,76.19
Karnataka,Kodagu,12.39684468085106,75.79336595744688,576,554519,101.93,74.46,80.97,15.74,3.09,78.4,70.58,49.52,50.48,1.55,53.5,7.82,50.3,49.7,14.93,85.07
Karnataka,Kolar,13.312799881235172,78.01376947743476,581,1536401,97.89,66.14,84.97,13.01,1.74,72.66,59.49,50.53,49.47,1.06,64.8,13.17,46.72,53.28,31.62,68.38
Karnataka,Koppal,15.651253271028034,76.1617048598131,560,1389920,98.58,58.21,87.63,11.64,0.29,66.98,49.32,50.36,49.64,0.63,66.09,17.66,47.11,52.89,19.16,80.84
Karnataka,Mandya,12.574901806239744,76.81570098522172,573,1805769,99.51,63.67,94.85,4.31,0.47,70.56,56.73,50.12,49.88,0.6,69.54,13.83,48.26,51.74,18.39,81.61
Karnataka,Mysore,12.248100259403367,76.52881802853437,577,3001127,98.54,65.38,87.7,9.68,1.31,70.37,60.32,50.37,49.63,3.08,69.59,10.05,43.79,56.21,41.3,58.7
Karnataka,Raichur,16.050795353982295,76.87368606194688,559,1928812,99.98,50.8,84.72,14.1,0.54,59.85,41.75,50.01,49.99,1.14,69.0,18.1,46.84,53.16,27.51,72.49
Karnataka,Shimoga,14.063845885634592,75.17882078103197,568,1752753,99.76,72.06,84.41,13.39,1.51,76.92,67.18,50.06,49.94,1.59,65.66,9.74,44.54,55.46,36.39,63.61
Karnataka,Tumkur,13.592467760074973,77.02297966260545,571,2678980,98.36,67.69,90.1,9.18,0.34,74.49,60.78,50.41,49.59,0.9,63.22,13.71,50.57,49.43,23.0,77.0
Karnataka,Udupi,13.450404228534568,74.72009990316337,569,1177361,109.45,78.69,85.72,8.22,5.59,82.85,74.89,47.74,52.26,2.35,58.33,7.96,43.59,56.41,29.99,70.01
Kerala,Alappuzha,9.542602965599087,76.38010796263319,598,2127789,110.02,87.08,68.64,10.55,20.45,87.9,86.33,47.61,52.39,3.99,70.2,1.57,37.81,62.19,54.19,45.81
Kerala,Ernakulam,10.004879301987431,76.26957729035381,595,3282388,102.67,87.0,45.99,15.67,38.03,88.03,86.0,49.34,50.66,7.55,65.66,2.03,38.06,61.94,68.53,31.47
Kerala,Idukki,9.80480963855423,77.04586641566264,596,1108974,100.61,83.23,48.86,7.41,43.42,85.36,81.11,49.85,50.15,2.0,59.37,4.25,46.56,53.44,5.05,94.95
Kerala,Kannur,11.941523076923056,75.35209891725934,589,2523003,113.55,84.76,59.83,29.43,10.41,85.74,83.89,46.83,53.17,3.74,58.59,1.85,32.66,67.34,64.89,35.11
Kerala,Kasaragod,12.33310309912974,75.07768497134369,588,1307375,107.98,79.36,55.84,37.24,6.69,82.16,76.76,48.08,51.92,2.48,56.89,5.4,35.41,64.59,39.77,60.23
Kerala,Kollam,8.929388820570157,76.6360775852431,600,2635375,111.34,85.01,64.42,19.3,16.0,86.16,83.98,47.32,52.68,3.41,68.18,2.18,34.61,65.39,43.39,56.61
Kerala,Kottayam,9.643701174068417,76.46059673302705,597,1974551,103.92,88.62,49.81,6.41,43.48,88.98,88.27,49.04,50.96,5.58,68.43,0.71,37.26,62.74,28.93,71.07
Kerala,Kozhikode,11.392924270557026,75.71158720159153,591,3086293,109.82,84.74,56.21,39.24,4.26,86.13,83.48,47.66,52.34,3.72,64.79,2.65,30.75,69.25,67.3,32.7
Kerala,Malappuram,10.97329875666072,75.93910775606876,592,4112920,109.81,80.51,27.6,70.24,1.98,81.49,79.62,47.66,52.34,2.41,63.1,1.87,25.83,74.17,45.16,54.84
Kerala,Palakkad,10.784926903553291,76.49980490693744,593,2809934,106.69,79.7,66.76,28.93,4.07,82.58,77.0,48.38,51.62,3.04,65.7,5.58,37.09,62.91,25.54,74.46000000000001
Kerala,Thiruvananthapuram,8.537101759082221,76.88711502868073,601,3301427,108.73,84.37,66.46,13.72,19.1,85.66,83.18,47.91,52.09,6.13,67.05,2.48,37.31,62.69,52.16,47.84
Kerala,Thrissur,10.458932647907687,76.12321940836945,594,3121200,110.78,85.82,58.42,17.07,24.27,86.59,85.12,47.44,52.56,5.34,68.6,1.47,35.11,64.89,67.99,32.010000000000005
Kerala,Wayanad,11.715277464788736,76.07587007042254,590,817420,103.5,78.98,49.48,28.65,21.34,81.69,76.36,49.14,50.86,1.7,53.91,5.33,41.6,58.4,4.25,95.75
Madhya Pradesh,Anuppur,23.18184220430107,81.86560000000007,461,749237,97.63,58.27,91.63,2.87,0.28,67.03,49.3,50.6,49.4,0.62,39.16,17.73,46.24,53.76,29.04,70.96000000000001
Madhya Pradesh,Ashoknagar,24.63098846153845,77.82974493927134,459,845071,90.4,55.51,92.09,4.82,0.08,65.41,44.56,52.52,47.48,0.3,40.98,20.85,37.31,62.69,17.96,82.03999999999999
Madhya Pradesh,Balaghat,21.80020720640569,80.42170053380796,457,1701698,102.06,67.44,89.29,2.26,0.31,74.39,60.63,49.49,50.51,0.36,59.02,13.76,52.48,47.52,15.03,84.97
Madhya Pradesh,Barwani,21.702135714285724,74.91004719710673,441,1385881,98.17,39.68,95.16,4.2,0.21,44.85,34.42,50.46,49.54,0.39,60.53,10.43,47.18,52.82,16.34,83.66
Madhya Pradesh,Betul,21.964626315789477,77.7873428189117,447,1575362,97.11,59.65,95.58,2.39,0.21,66.29,52.82,50.73,49.27,0.52,56.8,13.47,49.96,50.04,21.57,78.43
Madhya Pradesh,Bhind,26.35951126187245,78.7618324287653,420,1703005,83.74,64.29,93.68,3.92,0.06,72.99,53.91,54.42,45.58,0.32,29.98,19.08,30.58,69.42,24.58,75.42
Madhya Pradesh,Bhopal,23.480726143790854,77.39246623093679,444,2371061,91.81,70.04,74.05,22.16,0.99,74.45,65.24,52.13,47.87,5.82,64.64,9.21,36.59,63.41,83.03,16.97
Madhya Pradesh,Burhanpur,21.364567254408065,76.24460478589425,467,757847,95.07,53.93,72.91,23.86,0.16,59.99,47.55,51.26,48.74,0.55,62.86,12.44,43.33,56.67,35.15,64.85
Madhya Pradesh,Chhatarpur,24.813637376460004,79.56449299191374,425,1762375,88.26,53.51,95.15,3.99,0.11,61.1,44.9,53.12,46.88,0.4,37.39,16.2,42.66,57.34,20.18,79.82
Madhya Pradesh,Chhindwara,22.227966971713823,78.76413136439254,455,2090922,96.43,61.9,92.01,4.82,0.23,68.7,54.84,50.91,49.09,0.65,62.26,13.86,45.82,54.18,25.42,74.58
Madhya Pradesh,Damoh,23.76624407960196,79.47049303482588,428,1264219,91.01,59.14,93.85,3.79,0.13,67.34,50.13,52.35,47.65,0.39,50.75,17.21,45.45,54.55,17.98,82.02
Madhya Pradesh,Datia,25.90226439560441,78.63916571428574,422,786754,87.25,62.46,95.04,3.62,0.09,72.31,51.18,53.4,46.6,0.3,47.92,21.13,40.82,59.18,21.29,78.71000000000001
Madhya Pradesh,Dewas,22.7851110021322,76.46088805970157,437,1563715,94.16,59.18,88.03,11.14,0.15,68.38,49.4,51.5,48.5,0.94,71.93,18.98,47.49,52.51,26.86,73.14
Madhya Pradesh,Dhar,22.572681718963157,75.1105620736698,438,2185793,96.44,49.29,93.84,5.32,0.1,57.38,40.9,50.91,49.09,0.46,67.8,16.48,47.03,52.97,20.04,79.96000000000001
Madhya Pradesh,Dindori,22.83738437047757,81.04332966714911,453,704524,100.2,53.75,85.94,0.96,0.6,63.3,44.23,49.95,50.05,0.24,27.38,19.07,55.35,44.65,4.29,95.71
Madhya Pradesh,Guna,24.49043927178156,77.2235895968791,458,1241519,91.19,52.68,94.42,3.96,0.1,61.68,42.8,52.3,47.7,0.87,50.6,18.88,41.47,58.53,25.37,74.63
Madhya Pradesh,Gwalior,26.04074441964285,78.12782433035713,421,2032036,86.37,66.79,90.32,6.98,0.2,73.66,58.84,53.66,46.34,3.55,68.97,14.82,33.73,66.27,61.18,38.82
Madhya Pradesh,Harda,22.227659781121783,77.07022571819435,448,570465,93.48,61.8,92.46,6.77,0.12,69.13,53.97,51.68,48.32,0.68,65.76,15.16,40.49,59.51,22.03,77.97
Madhya Pradesh,Hoshangabad,22.595268801996703,78.02168094841929,449,1241350,91.35,65.3,94.67,4.21,0.36,72.33,57.62,52.26,47.74,0.91,62.8,14.71,38.51,61.49,33.53,66.47
Madhya Pradesh,Indore,22.680265752128648,75.9133801324502,439,3276697,92.79,70.47,83.26,12.67,0.57,75.88,64.65,51.87,48.13,6.18,75.3,11.23,38.7,61.3,74.58,25.42
Madhya Pradesh,Jabalpur,23.18525572327043,79.98328754716981,451,2463289,92.85,71.31,87.65,8.27,0.94,76.75,65.44,51.85,48.15,3.27,72.35,11.31,40.82,59.18,56.42,43.58
Madhya Pradesh,Jhabua,22.419578015397768,74.40921616766468,464,1025048,99.03,34.35,93.74,1.53,3.75,41.66,26.96,50.24,49.76,0.32,53.19,14.7,50.25,49.75,10.48,89.52
Madhya Pradesh,Katni,23.724416229116937,80.33819665871127,450,1292042,95.17,61.2,96.02,2.88,0.24,69.57,52.41,51.24,48.76,0.62,49.4,17.16,42.09,57.91,20.88,79.12
Madhya Pradesh,Mandla,22.70348712446353,80.38600543633753,454,1054905,100.83,57.35,80.53,1.57,1.18,66.26,48.51,49.79,50.21,0.29,45.37,17.75,53.05,46.95,11.76,88.24
Madhya Pradesh,Mandsaur,24.19278764044944,75.43588667736759,433,1340411,96.3,62.26,88.97,9.37,0.08,73.65,50.44,50.94,49.06,0.61,62.45,23.21,50.71,49.29,21.3,78.7
Madhya Pradesh,Morena,26.37313504531724,77.88447341389724,419,1965970,84.01,60.01,95.4,3.87,0.06,69.98,48.13,54.35,45.65,0.43,31.72,21.85,34.38,65.62,22.98,77.02
Madhya Pradesh,Neemuch,24.70311893333336,75.06608186666664,432,826067,95.45,61.6,89.74,8.15,0.18,72.85,49.81,51.16,48.84,0.8,59.98,23.04,50.68,49.32,28.06,71.94
Madhya Pradesh,Panna,24.451325840092657,80.21133001158752,426,1016520,90.55,54.36,95.89,3.46,0.04,62.26,45.63,52.48,47.52,0.23,26.34,16.63,42.5,57.5,11.14,88.86
Madhya Pradesh,Raisen,23.292518206521724,78.16305495923909,446,1331597,90.13,61.6,89.76,9.04,0.13,68.41,54.04,52.6,47.4,0.35,59.68,14.37,38.89,61.11,22.85,77.15
Madhya Pradesh,Rajgarh,23.785499026425583,76.66431223922116,442,1545814,95.62,52.03,92.76,6.92,0.08,61.86,41.75,51.12,48.88,0.4,57.54,20.11,48.23,51.77,17.38,82.62
Madhya Pradesh,Ratlam,23.503562290502792,75.14895782122909,434,1455069,97.1,56.76,87.08,10.38,0.27,65.71,47.54,50.74,49.26,0.97,57.19,18.17,47.49,52.51,28.66,71.34
Madhya Pradesh,Rewa,24.861184625158856,81.57572465057183,430,2365106,93.05,60.96,95.93,3.61,0.08,69.02,52.3,51.8,48.2,0.55,40.61,16.72,41.94,58.06,15.28,84.72
Madhya Pradesh,Sagar,23.800318709677374,78.71940357771273,427,2378458,89.33,64.99,92.43,4.35,0.23,72.33,56.77,52.82,47.18,0.74,59.7,15.56,42.3,57.7,26.96,73.03999999999999
Madhya Pradesh,Satna,24.62777621776502,80.75547048710598,429,2228935,92.57,61.54,96.85,2.67,0.1,69.21,53.27,51.93,48.07,0.65,51.16,15.94,40.89,59.11,19.82,80.18
Madhya Pradesh,Sehore,22.9297199679658,77.06780202883085,445,1311332,91.79,59.51,88.73,10.52,0.11,68.62,49.58,52.14,47.86,0.48,64.35,19.04,44.69,55.31,17.96,82.03999999999999
Madhya Pradesh,Seoni,22.33230487804874,79.66053863928111,456,1379131,98.19,62.66,83.03,5.78,0.13,69.75,55.45,50.46,49.54,0.31,59.78,14.3,49.63,50.37,12.43,87.57
Madhya Pradesh,Shahdol,23.44859864559819,81.4596831828442,460,1066063,97.41,56.68,93.53,3.98,0.22,64.58,48.56,50.66,49.34,0.59,38.84,16.02,46.25,53.75,19.85,80.15
Madhya Pradesh,Shajapur,23.566620317220547,76.33555181268885,436,1512681,93.8,59.14,87.33,11.55,0.05,69.63,47.95,51.6,48.4,0.36,60.2,21.68,47.46,52.54,19.14,80.86
Madhya Pradesh,Sheopur,25.78014810996563,77.16911116838484,418,687861,90.13,47.69,92.85,6.02,0.03,57.55,36.75,52.6,47.4,0.15,42.36,20.8,40.34,59.66,14.94,85.06
Madhya Pradesh,Shivpuri,25.37802451874367,77.74861600810549,423,1726050,87.66,52.19,95.52,2.97,0.06,62.32,40.63,53.29,46.71,0.43,34.08,21.69,43.99,56.01,15.36,84.64
Madhya Pradesh,Sidhi,24.17547189952905,82.1053783359498,462,1127033,95.7,53.31,95.61,3.05,0.05,61.3,44.95,51.1,48.9,0.3,36.92,16.35,40.97,59.03,9.36,90.64
Madhya Pradesh,Tikamgarh,25.14099852104666,78.89357064846428,424,1445166,90.06,51.75,95.73,3.05,0.04,60.41,42.14,52.61,47.39,0.28,34.65,18.27,45.35,54.65,15.72,84.28
Madhya Pradesh,Ujjain,23.319288862745065,75.80383717647058,435,1986864,95.5,62.46,86.48,11.73,0.23,71.91,52.56,51.15,48.85,1.53,66.07,19.35,45.17,54.83,38.55,61.45
Madhya Pradesh,Umaria,23.59601063063061,80.90879477477475,431,644758,94.98,55.32,96.24,2.48,0.1,63.78,46.41,51.29,48.71,0.5,40.45,17.37,44.93,55.07,17.83,82.17
Madhya Pradesh,Vidisha,23.82838307984792,77.9013507604563,443,1458875,89.57,59.15,88.25,10.25,0.09,66.58,50.86,52.75,47.25,0.51,48.22,15.72,37.73,62.27,22.27,77.73
Maharashtra,Akola,20.746310479041902,77.12122320359276,501,1813906,94.56,77.8,61.07,19.7,0.25,81.41,73.99,51.4,48.6,1.22,62.37,7.42,42.35,57.65,38.89,61.11
Maharashtra,Amravati,21.16520991810736,77.67583503184723,503,2888445,95.06,77.96,71.15,14.59,0.25,81.52,74.22,51.27,48.73,1.21,65.55,7.3,42.8,57.2,34.91,65.09
Maharashtra,Aurangabad,20.0979228832952,75.32072196796334,235,2540073,92.62,57.71,90.2,9.34,0.09,65.88,48.9,51.92,48.08,0.49,9.31,16.98,32.98,67.02,10.27,89.73
Maharashtra,Aurangabad,20.0979228832952,75.32072196796334,515,3701282,92.33,67.65,68.77,21.25,0.43,74.35,60.38,51.99,48.01,2.38,60.2,13.97,42.55,57.45,43.65,56.35
Maharashtra,Bhandara,21.211792649727748,80.10950199637024,506,1200334,98.23,74.97,84.09,2.21,0.18,80.71,69.12,50.45,49.55,0.82,63.7,11.59,49.76,50.24,20.36,79.64
Maharashtra,Bid,18.952353340080982,75.69319706477731,523,2585049,91.61,66.48,84.12,12.39,0.08,73.17,59.17,52.19,47.81,0.8,57.55,14.0,48.57,51.43,19.39,80.61
Maharashtra,Buldana,20.56680611183355,76.39017880364096,500,2586258,93.36,72.69,71.35,13.7,0.14,78.42,66.55,51.72,48.28,0.65,58.09,11.87,47.16,52.84,20.98,79.02
Maharashtra,Chandrapur,20.095609090909075,79.31556380471388,509,2204307,96.14,71.62,80.75,4.19,0.49,77.64,65.35,50.98,49.02,1.2,61.15,12.29,48.0,52.0,34.08,65.92
Maharashtra,Dhule,21.274018690400517,74.58719071837263,498,2050862,94.57,63.09,89.01,9.16,0.18,68.63,57.23,51.39,48.61,1.15,59.63,11.4,45.66,54.34,27.61,72.39
Maharashtra,Gondiya,21.225008411214997,80.17522698598128,507,1322507,99.91,75.93,87.25,1.98,0.14,82.05,69.81,50.02,49.98,0.74,62.09,12.24,50.31,49.69,17.29,82.71000000000001
Maharashtra,Hingoli,19.59525302245251,77.09239412780653,512,1177345,94.19,67.16,73.32,10.83,0.08,74.31,59.57,51.5,48.5,0.43,55.95,14.74,48.34,51.66,14.74,85.26
Maharashtra,Jalgaon,20.8828943415638,75.55140421810695,499,4229917,92.5,68.37,81.74,13.25,0.17,74.14,62.12,51.95,48.05,1.22,61.62,12.02,44.06,55.94,31.93,68.07
Maharashtra,Jalna,19.984612534818933,75.98473607242339,514,1959046,93.68,61.03,76.8,14.0,0.64,69.15,52.35,51.63,48.37,0.75,57.45,16.8,47.52,52.48,19.51,80.49
Maharashtra,Kolhapur,16.44881301587301,74.12897150793648,530,3876001,95.69,72.91,87.2,7.39,0.4,78.75,66.8,51.1,48.9,1.89,65.29,11.95,43.96,56.04,32.46,67.53999999999999
Maharashtra,Latur,18.348687268993856,76.75812607802874,524,2454196,92.77,67.26,81.78,14.98,0.1,73.24,60.81,51.88,48.12,1.06,65.18,12.43,42.66,57.34,26.81,73.19
Maharashtra,Nagpur,21.196556862745105,79.02166176470584,505,4653570,95.12,78.95,75.04,8.4,0.74,82.15,75.58,51.25,48.75,4.43,70.14,6.57,40.15,59.85,67.07,32.93000000000001
Maharashtra,Nanded,19.209316983017,77.6829048951049,511,3361292,94.29,65.14,74.43,14.04,0.12,72.55,57.27,51.47,48.53,0.92,59.48,15.28,44.45,55.55,28.06,71.94
Maharashtra,Nandurbar,21.523175625248147,74.32638757443429,497,1648295,97.83,55.0,92.31,5.84,0.51,61.46,48.39,50.55,49.45,0.64,45.97,13.07,48.05,51.95,17.67,82.33
Maharashtra,Nashik,20.266912871287143,74.03824168316828,516,6107187,93.44,71.15,85.75,11.35,0.39,75.94,66.03,51.7,48.3,2.7,54.21,9.91,45.25,54.75,45.79,54.21
Maharashtra,Osmanabad,18.19459456066944,75.99495575313809,525,1657576,92.4,68.64,86.73,10.79,0.06,74.79,62.0,51.98,48.02,0.72,53.94,12.79,46.69,53.31,17.49,82.51
Maharashtra,Parbhani,19.31032425249168,76.70163338870431,513,1836086,94.73,63.06,72.35,16.69,0.11,70.67,55.03,51.35,48.65,0.93,63.78,15.64,44.81,55.19,31.31,68.69
Maharashtra,Pune,18.51696171428573,74.12922881632647,521,9429408,91.49,76.06,85.8,7.14,1.42,80.02,71.73,52.22,47.78,7.29,59.74,8.29,42.94,57.06,63.83,36.17
Maharashtra,Raigarh,18.453257637845976,73.0090609418579,403,1493984,99.12,63.7,95.25,1.16,3.19,72.34,54.98,50.22,49.78,0.79,70.63,17.36,46.2,53.8,15.83,84.17
Maharashtra,Raigarh,18.453257637845976,73.0090609418579,520,2634200,95.95,73.65,85.01,8.64,0.66,78.83,68.25,51.03,48.97,4.02,57.06,10.58,40.73,59.27,39.33,60.67
Maharashtra,Ratnagiri,17.210195070127703,73.25725893866404,528,1615069,112.2,74.26,80.94,11.59,0.12,81.33,67.96,47.13,52.87,1.21,57.46,13.37,44.21,55.79,15.77,84.23
Maharashtra,Sangli,17.154930181086502,74.70713822937628,531,2822143,96.57,72.62,86.47,8.49,0.32,78.12,66.93,50.87,49.13,1.55,56.83,11.19,43.06,56.94,26.57,73.43
Maharashtra,Satara,17.6737908974359,74.18052064102558,527,3003741,98.81,74.1,89.62,4.89,0.15,79.49,68.64,50.3,49.7,1.44,57.68,10.85,45.11,54.89,20.6,79.4
Maharashtra,Sindhudurg,16.170948049777163,73.51329008172343,529,849651,103.59,78.39,91.85,3.09,1.82,83.46,73.51,49.12,50.88,1.03,56.99,9.95,40.86,59.14,13.2,86.8
Maharashtra,Solapur,17.837357937584812,75.42394823609216,526,4317756,93.81,67.41,87.9,10.22,0.23,74.12,60.26,51.6,48.4,1.31,51.51,13.86,43.97,56.03,32.55,67.45
Maharashtra,Thane,19.698767747440264,72.79882742564581,517,11060148,88.58,74.39,78.81,12.26,2.54,78.28,69.98,53.03,46.97,7.08,61.68,8.3,40.62,59.38,80.27,19.730000000000004
Maharashtra,Wardha,20.80743024390242,78.57259105691062,504,1300774,94.61,78.37,81.27,4.14,0.21,82.68,73.82,51.38,48.62,1.11,68.47,8.86,46.76,53.24,30.93,69.07
Maharashtra,Washim,20.282282394366213,77.25502394366208,502,1197160,93.0,72.67,71.83,11.92,0.14,78.62,66.26,51.81,48.19,0.57,59.25,12.36,47.6,52.4,16.9,83.1
Maharashtra,Yavatmal,20.04258346738159,78.05326371760479,510,2772348,95.24,72.96,81.21,8.63,0.16,78.59,67.04,51.22,48.78,0.76,55.95,11.55,48.91,51.09,21.16,78.84
Manipur,Bishnupur,24.50712111801243,93.8246236024845,275,237399,99.86,65.85,73.76,7.87,1.8,73.51,58.19,50.03,49.97,1.2,61.2,15.32,46.31,53.69,37.71,62.29
Manipur,Chandel,24.2635812987013,94.09443844155844,280,144182,93.33,62.63,7.5,2.14,89.5,68.45,56.39,51.73,48.27,0.54,54.93,12.06,52.88,47.12,11.07,88.93
Manipur,Churachandpur,24.30309718875504,93.38671506024085,274,274143,97.48,71.47,4.39,1.05,93.01,74.93,67.93,50.64,49.36,1.45,51.7,7.0,44.74,55.26,8.39,91.61
Manipur,Senapati,25.08465586034914,94.03366234413956,272,479148,93.73,55.2,9.15,0.34,89.08,59.85,50.24,51.62,48.38,0.64,57.23,9.61,48.76,51.24,4.58,95.42
Manipur,Tamenglong,24.98312942238265,93.49450740072204,273,140651,94.35,60.44,2.13,0.42,95.81,65.5,55.07,51.45,48.55,0.44,41.07,10.43,50.25,49.75,14.66,85.34
Manipur,Thoubal,24.545392553191498,93.97959893617023,276,422168,100.23,63.79,63.28,25.42,1.02,72.38,55.22,49.94,50.06,0.84,47.48,17.16,46.27,53.73,36.74,63.26
Manipur,Ukhrul,25.05900314960629,94.44129566929138,279,183998,94.26,70.56,4.1,0.61,94.63,74.06,66.85,51.48,48.52,0.66,33.48,7.21,47.79,52.21,13.86,86.14
Meghalaya,East Garo Hills,25.82728228228228,90.64684924924916,294,317917,97.19,60.44,5.43,1.06,91.13,63.58,57.2,50.71,49.29,0.39,33.08,6.38,39.66,60.34,15.52,84.48
Meghalaya,East Khasi Hills,25.303763888888884,91.75922519841272,298,825922,101.08,69.99,17.55,1.72,65.79,69.94,70.03,49.73,50.27,2.34,63.2,-0.09,39.57,60.43,50.6,49.4
Meghalaya,Jaintia Hills,25.33959557069844,92.37608160136298,299,395124,101.3,47.46,3.15,0.42,68.74,44.51,50.37,49.68,50.32,0.61,49.78,-5.86,39.02,60.98,8.57,91.43
Meghalaya,South Garo Hills,25.240568578553614,90.64560349127176,295,142334,94.53,57.65,4.94,0.74,93.43,61.5,53.58,51.41,48.59,0.45,27.6,7.92,37.28,62.72,9.37,90.63
Meghalaya,West Garo Hills,25.495285185185185,90.03709947089942,293,643291,98.45,55.76,19.11,16.6,60.62,59.67,51.79,50.39,49.61,1.03,32.48,7.88,39.75,60.25,11.77,88.23
Meghalaya,West Khasi Hills,25.500889926739926,91.25364542124538,296,383461,97.95,60.16,1.69,0.4,95.68,60.56,59.75,50.52,49.48,0.17,37.73,0.81,42.6,57.4,14.12,85.88
Mizoram,Aizawl,23.90781335453101,92.85359459459472,283,400309,100.89,85.08,3.31,1.31,94.71,85.08,85.08,49.78,50.22,3.98,79.08,0.0,43.63,56.37,79.62,20.379999999999995
Mizoram,Champhai,23.54166580976866,93.24221799485862,284,125745,98.37,80.16,0.85,0.56,98.17,81.15,79.16,50.41,49.59,0.6,76.97,1.99,47.99,52.01,40.87,59.13
Mizoram,Kolasib,24.2020004347826,92.73470391304348,282,83955,95.62,78.49,4.76,5.27,89.58,79.56,77.36,51.12,48.88,1.65,66.98,2.2,43.68,56.32,56.4,43.6
Mizoram,Lawngtlai,22.36102843137253,92.66964156862753,287,117894,94.55,53.32,1.41,0.44,54.19,60.14,46.11,51.4,48.6,0.59,34.05,14.03,38.65,61.35,19.34,80.66
Mizoram,Lunglei,23.007717036172675,92.63512555425892,286,161428,94.75,75.03,3.24,0.8,78.75,77.83,72.08,51.35,48.65,1.24,68.04,5.75,48.5,51.5,44.63,55.37
Mizoram,Mamit,23.73852942502819,92.4330803833147,281,86364,92.66,69.69,3.46,2.06,80.01,73.56,65.52,51.91,48.09,0.43,58.3,8.04,45.55,54.45,19.8,80.2
Mizoram,Saiha,22.35744801061008,93.02827931034489,288,56574,97.85,74.65,1.65,0.91,97.18,76.45,72.81,50.54,49.46,1.31,57.69,3.64,34.4,65.6,45.09,54.91
Mizoram,Serchhip,23.263864705882344,92.914158496732,285,64937,97.67,83.89,1.53,0.52,97.7,84.01,83.77,50.59,49.41,0.85,79.5,0.24,49.89,50.11,51.76,48.24
Nagaland,Dimapur,25.814176811594223,93.75074057971014,265,378811,91.91,73.4,28.75,8.24,61.84,76.06,70.5,52.11,47.89,2.95,63.78,5.56,39.95,60.05,56.13,43.87
Nagaland,Kohima,25.60311428571428,93.78600657596373,270,267988,92.84,73.69,9.51,1.64,87.67,77.02,70.11,51.86,48.14,2.53,66.65,6.91,42.85,57.15,58.15,41.85
Nagaland,Mokokchung,26.478911764705888,94.522426006192,262,194622,92.52,81.95,5.06,1.06,93.44,82.58,81.27,51.94,48.06,0.97,72.64,1.31,51.42,48.58,32.1,67.9
Nagaland,Mon,26.69207374301676,95.03072988826828,261,250260,89.95,47.8,3.24,1.38,94.5,51.18,44.04,52.65,47.35,0.35,28.22,7.14,59.0,41.0,14.53,85.47
Nagaland,Phek,25.63272986577182,94.56814563758392,266,163418,95.14,64.8,2.18,0.58,96.82,69.17,60.2,51.24,48.76,0.37,78.32,8.97,49.12,50.88,15.79,84.21000000000001
Nagaland,Tuensang,26.21104453280316,94.85809880715708,267,196596,92.87,59.77,1.52,0.54,97.59,62.45,56.89,51.85,48.15,0.31,49.86,5.56,49.93,50.07,18.85,81.15
Nagaland,Wokha,26.202611551155112,94.1990815181518,264,166343,96.84,77.07,3.37,1.23,95.13,79.74,74.32,50.8,49.2,0.42,54.14,5.42,47.14,52.86,17.51,82.49
Nagaland,Zunheboto,26.028178205128206,94.50026666666668,263,140757,97.65,73.09,1.83,0.55,97.33,75.13,71.01,50.6,49.4,0.7,77.31,4.12,56.46,43.54,16.2,83.8
Orissa,Baleshwar,21.48570932311624,87.08085828011933,377,2320529,95.7,69.86,94.71,4.06,0.28,76.1,63.35,51.1,48.9,1.08,43.42,12.75,40.19,59.81,12.06,87.94
Orissa,Bhadrak,20.95262735257214,86.81496204516931,378,1506337,98.13,72.64,92.84,6.92,0.05,78.43,66.73,50.47,49.53,0.62,38.46,11.7,31.11,68.89,12.67,87.33
Orissa,Cuttack,20.407640646029623,85.7776810228802,381,2624470,94.01,76.64,93.65,5.38,0.46,81.54,71.43,51.54,48.46,1.9,44.23,10.11,35.68,64.32,26.67,73.33
Orissa,Dhenkanal,20.79887159353349,85.53226836027711,383,1192811,94.72,69.58,99.39,0.4,0.06,75.76,63.05,51.36,48.64,0.51,33.25,12.71,36.51,63.49,10.49,89.51
Orissa,Gajapati,19.121080882352945,84.14015091911759,389,577817,104.26,45.44,61.12,0.27,37.98,54.32,36.91,48.96,51.04,0.36,36.03,17.41,50.87,49.13,13.16,86.84
Orissa,Ganjam,19.2632617564534,84.80297710437702,388,3529031,98.35,62.62,98.78,0.38,0.68,70.97,54.14,50.42,49.58,0.89,39.92,16.83,42.55,57.45,21.66,78.34
Orissa,Jharsuguda,21.827058566978184,83.93581682242987,371,579505,95.32,70.04,95.53,2.21,1.81,76.88,62.86,51.2,48.8,1.41,45.96,14.02,42.74,57.26,41.74,58.26
Orissa,Kalahandi,19.784253092783523,83.1124043814433,395,1576869,100.34,50.86,98.64,0.32,0.71,61.51,40.25,49.92,50.08,0.39,18.43,21.26,47.69,52.31,7.76,92.24
Orissa,Kandhamal,20.092878624813142,84.02216352765326,390,733110,103.67,54.53,79.16,0.29,20.31,64.98,44.45,49.1,50.9,0.32,11.83,20.53,48.47,51.53,10.08,89.92
Orissa,Kendrapara,20.606319815982264,86.83763247572003,379,1440361,100.66,75.62,96.28,3.49,0.1,80.8,70.49,49.84,50.16,0.37,39.5,10.31,32.41,67.59,5.36,94.64
Orissa,Khordha,20.054162322274863,85.52234834123229,386,2251673,92.92,77.72,95.38,3.73,0.56,82.04,73.07,51.83,48.17,5.18,50.8,8.97,35.18,64.82,51.82,48.18
Orissa,Koraput,18.82627794779476,82.81278469846964,398,1379647,103.25,41.18,93.8,0.64,4.97,50.21,32.43,49.2,50.8,0.87,18.64,17.78,50.26,49.74,17.03,82.97
Orissa,Malkangiri,18.25227930367506,81.98293636363628,399,613192,101.96,39.91,97.88,0.31,1.64,48.42,31.56,49.52,50.48,0.24,13.39,16.86,50.66,49.34,8.62,91.38
Orissa,Mayurbhanj,21.897621545157754,86.4030408052231,376,2519738,100.58,54.35,83.86,1.34,0.6,63.22,45.53,49.85,50.15,0.39,18.6,17.69,48.56,51.44,8.56,91.44
Orissa,Nayagarh,20.192895622119817,85.05614700460825,385,962789,91.55,71.5,99.27,0.55,0.04,78.06,64.33,52.21,47.79,0.4,43.35,13.73,35.69,64.31,9.26,90.74
Orissa,Nuapada,20.471309512195116,82.59152536585364,394,610382,102.14,49.05,98.48,0.81,0.29,59.91,38.42,49.47,50.53,0.36,21.03,21.49,50.04,49.96,5.68,94.32
Orissa,Puri,19.83509174603177,85.86698989898981,387,1698730,96.3,76.05,96.83,2.71,0.25,81.45,70.45,50.94,49.06,0.72,42.51,11.0,36.6,63.4,15.23,84.77
Orissa,Rayagada,19.292840020060204,83.45860120361095,396,967911,105.08,42.13,90.34,0.48,8.77,51.27,33.43,48.76,51.24,0.54,21.48,17.84,48.26,51.74,17.17,82.83
Orissa,Sambalpur,21.515752380952385,84.34958483245157,372,1041099,97.6,67.59,92.61,1.93,4.86,74.63,60.38,50.61,49.39,1.66,40.1,14.25,48.59,51.41,30.05,69.95
Orissa,Sundargarh,22.06354819277107,84.50524819277099,374,2093437,97.28,64.12,73.2,3.41,18.39,70.69,57.37,50.69,49.31,2.07,36.17,13.32,41.71,58.29,37.24,62.76
Puducherry,Karaikal,10.876161726078813,79.82369793621002,637,200222,104.71,77.37,76.23,14.4,9.19,81.69,73.25,48.85,51.15,2.69,69.06,8.44,34.11,65.89,48.63,51.37
Puducherry,Mahe,12.006420793787758,75.28275021570326,636,41816,118.44,87.22,66.82,30.74,2.29,86.77,87.59,45.78,54.22,4.74,59.04,-0.82,28.22,71.78,100.0,0.0
Puducherry,Yanam,16.707695652173904,82.26187304347832,634,55626,103.75,70.6,96.24,2.14,1.57,72.96,68.33,49.08,50.92,1.33,82.86,4.63,30.13,69.87,100.0,0.0
Punjab,Amritsar,31.548679820627772,74.79883856502238,49,2490656,88.91,67.64,27.74,0.5,2.18,70.77,64.13,52.93,47.07,4.53,69.78,6.64,36.85,63.15,58.32,41.68
Punjab,Bathinda,30.190524611973352,75.05685898004438,46,1388525,86.83,60.85,27.41,1.17,0.18,65.7,55.26,53.52,46.48,3.17,71.87,10.44,39.61,60.39,38.67,61.33
Punjab,Faridkot,30.591187250996025,74.79751553784862,45,617508,89.03,61.75,22.89,0.51,0.2,66.05,56.91,52.9,47.1,2.74,71.48,9.14,35.88,64.12,37.09,62.91
Punjab,Fatehgarh Sahib,30.64290947368421,76.36208394736842,40,600163,87.09,70.99,25.47,2.8,0.28,74.41,67.06,53.45,46.55,2.94,65.0,7.35,35.79,64.21,32.78,67.22
Punjab,Firozpur,30.63407535211269,74.40245732394365,43,2029074,89.34,60.5,44.67,0.34,0.95,65.98,54.36,52.81,47.19,2.0,69.6,11.62,37.29,62.71,30.63,69.37
Punjab,Gurdaspur,32.04283371212125,75.3204064393939,35,2298323,89.53,71.13,46.74,1.2,7.68,74.85,66.97,52.76,47.24,2.38,67.82,7.88,32.94,67.06,30.59,69.41
Punjab,Hoshiarpur,31.55157169811319,75.8469857442349,38,1586625,96.11,75.61,63.07,1.46,0.94,78.85,72.25,50.99,49.01,2.49,58.04,6.6,31.5,68.5,23.33,76.67
Punjab,Jalandhar,31.250336907216507,75.54400350515463,37,2193590,91.54,73.97,63.56,1.38,1.19,77.07,70.58,52.21,47.79,5.52,63.01,6.49,35.31,64.69,53.35,46.65
Punjab,Kapurthala,31.336592638036837,75.47641165644177,36,815168,91.21,70.73,41.23,1.25,0.67,74.18,66.94,52.3,47.7,3.73,61.72,7.24,34.86,65.14,36.66,63.34
Punjab,Ludhiana,30.76596397379912,75.83110851528383,41,3498739,87.32,73.18,42.94,2.22,0.47,76.47,69.4,53.39,46.61,5.65,67.86,7.07,36.72,63.28,61.9,38.1
Punjab,Mansa,29.919547714285724,75.4304922857143,47,769751,88.33,55.03,20.34,1.35,0.12,59.71,49.73,53.1,46.9,1.36,71.34,9.98,42.68,57.32,25.86,74.14
Punjab,Moga,30.756540067340065,75.1600845117845,42,995746,89.33,63.06,15.91,0.94,0.33,66.27,59.46,52.82,47.18,2.74,63.58,6.81,36.07,63.93,25.71,74.28999999999999
Punjab,Muktsar,30.31243303303303,74.5518747747748,44,901896,89.62,58.19,28.26,0.48,0.19,63.16,52.65,52.74,47.26,2.04,74.32,10.51,37.18,62.82,33.3,66.7
Punjab,Patiala,30.214540380693364,76.27505893949697,48,1895686,89.09,66.82,41.32,2.11,0.3,70.93,62.22,52.88,47.12,4.69,68.22,8.71,34.83,65.17,42.15,57.85
Punjab,Rupnagar,30.910937330754347,76.53743500967126,51,684627,91.51,73.43,44.47,2.12,0.31,77.91,68.53,52.22,47.78,3.16,61.87,9.38,34.13,65.87,29.01,70.99
Punjab,Sangrur,30.185045204336895,75.89437014178496,53,1655169,88.51,60.54,23.53,10.82,0.15,64.97,55.55,53.05,46.95,2.39,68.06,9.42,34.36,65.64,34.92,65.08
Rajasthan,Ajmer,26.199300378787903,74.6990419191919,119,2583052,95.08,59.1,85.23,12.16,0.41,69.96,47.69,51.26,48.74,1.97,57.51,22.27,40.79,59.21,40.18,59.82
Rajasthan,Alwar,27.55271738035265,76.65359630562563,104,3674179,89.49,59.4,82.72,14.9,0.07,70.13,47.41,52.77,47.23,0.98,48.8,22.72,46.5,53.5,21.4,78.6
Rajasthan,Banswara,23.453642032967014,74.44246868131869,125,1797485,98.01,46.14,94.65,2.72,1.24,56.61,35.46,50.5,49.5,0.54,28.06,21.15,50.99,49.01,9.17,90.83
Rajasthan,Baran,24.98023243243244,76.86210651828291,128,1222755,92.88,56.7,92.69,6.54,0.12,68.24,44.28,51.85,48.15,0.43,50.57,23.96,45.19,54.81,21.88,78.12
Rajasthan,Barmer,25.77070908045978,71.50297126436782,115,2603751,90.19,45.64,86.22,12.34,0.04,57.23,32.79,52.58,47.42,0.46,21.12,24.44,46.18,53.82,9.35,90.65
Rajasthan,Bharatpur,27.32411858037578,77.21752077244258,105,2548462,87.98,58.11,84.09,14.57,0.06,69.62,45.02,53.2,46.8,0.69,47.4,24.6,42.03,57.97,21.29,78.71000000000001
Rajasthan,Bhilwara,25.45119767759564,74.63947595628417,122,2408523,97.3,52.15,92.37,5.91,0.08,63.7,40.29,50.68,49.32,0.92,55.28,23.41,47.67,52.33,21.58,78.42
Rajasthan,Bikaner,28.12489068322981,73.26943322981371,101,2363937,90.52,54.1,87.71,9.97,0.08,63.06,44.2,52.49,47.51,1.43,41.51,18.86,41.72,58.28,36.88,63.12
Rajasthan,Bundi,25.48580716049379,75.79984074074079,121,1110906,92.48,52.66,91.61,6.0,0.06,64.4,39.97,51.95,48.05,0.46,45.16,24.43,47.36,52.64,20.92,79.08
Rajasthan,Chittaurgarh,24.631623761665463,74.80010997846382,126,1544338,97.19,53.22,91.51,6.34,0.08,65.74,40.33,50.71,49.29,1.08,58.85,25.41,51.98,48.02,19.5,80.5
Rajasthan,Churu,28.29330375536484,74.65846427038629,102,2039547,93.98,56.35,87.17,12.24,0.05,66.26,45.8,51.55,48.45,0.52,46.91,20.46,44.27,55.73,30.17,69.83
Rajasthan,Dausa,26.91234817629181,76.57342097264443,109,1634409,90.54,57.39,96.81,2.78,0.03,69.59,43.92,52.48,47.52,0.41,46.42,25.67,41.88,58.12,14.17,85.83
Rajasthan,Dhaulpur,26.72397054945053,77.74476219780222,106,1206516,84.58,56.62,93.45,5.99,0.06,66.66,44.74,54.18,45.82,0.49,35.16,21.92,43.37,56.63,21.45,78.55
Rajasthan,Dungarpur,23.75104807692308,73.84765641025645,124,1388552,99.35,49.09,96.51,2.06,0.06,59.7,38.41,50.16,49.84,0.42,39.87,21.29,46.2,53.8,8.9,91.1
Rajasthan,Ganganagar,29.256785412667963,73.56192303262948,99,1969168,88.74,60.6,72.98,2.57,0.11,68.14,52.11,52.98,47.02,1.12,50.33,16.03,46.35,53.65,29.31,70.69
Rajasthan,Hanumangarh,29.1813351791531,74.74632573289902,100,1774692,90.58,58.27,80.75,6.69,0.09,67.04,48.59,52.47,47.53,0.68,48.85,18.45,47.07,52.93,21.84,78.16
Rajasthan,Jaipur,27.033459290187885,75.77117286012533,110,6626178,91.04,64.91,87.83,10.37,0.19,73.66,55.3,52.35,47.65,4.42,57.14,18.36,37.2,62.8,56.44,43.56
Rajasthan,Jaisalmer,26.86900838548185,71.18371877346682,114,669919,85.21,46.07,74.19,25.1,0.13,58.17,31.87,53.99,46.01,0.4,22.71,26.3,43.13,56.87,16.23,83.77
Rajasthan,Jalor,25.07578093797277,72.18647261724662,116,1828730,95.24,45.36,94.76,4.32,0.04,58.07,32.02,51.22,48.78,0.34,34.63,26.05,49.03,50.97,10.31,89.69
Rajasthan,Jhalawar,24.24725541474657,76.11242891705065,129,1411129,94.6,52.43,92.11,6.81,0.06,64.38,39.79,51.39,48.61,0.48,60.83,24.59,48.61,51.39,17.6,82.4
Rajasthan,Jhunjhunun,28.13517401247401,75.52840893970894,103,2137045,95.0,64.12,89.17,10.68,0.05,74.44,53.26,51.28,48.72,0.74,45.72,21.18,41.86,58.14,23.1,76.9
Rajasthan,Jodhpur,26.678460838536967,73.00450847457628,113,3687165,91.65,55.1,87.45,11.16,0.16,65.79,43.43,52.18,47.82,2.17,45.85,22.36,40.4,59.6,34.48,65.52000000000001
Rajasthan,Karauli,26.51901555555556,76.96081818181815,107,1458248,86.09,55.26,94.02,5.59,0.04,67.88,40.61,53.74,46.26,0.29,36.25,27.27,43.12,56.88,16.28,83.72
Rajasthan,Kota,25.175718080000014,76.18618928000001,127,1951014,91.06,66.55,85.15,12.51,0.29,74.95,57.32,52.34,47.66,2.49,65.98,17.63,38.38,61.62,60.51,39.49
Rajasthan,Nagaur,27.07862016048146,74.14215667001012,112,3307743,94.99,53.17,85.66,13.74,0.06,65.01,40.7,51.28,48.72,0.53,41.24,24.31,43.11,56.89,19.77,80.23
Rajasthan,Pali,25.80490393541874,73.55285640766907,118,2037573,98.71,53.28,91.8,7.04,0.07,65.08,41.33,50.33,49.67,0.62,50.07,23.75,41.34,58.66,21.42,78.58
Rajasthan,Rajsamand,25.24894767441859,73.96570215946844,123,1156597,98.95,53.53,95.6,2.91,0.07,65.94,40.99,50.26,49.74,0.54,52.85,24.95,47.63,52.37,16.7,83.3
Rajasthan,Sawai Madhopur,26.251081180223288,76.4219283891548,108,1335551,89.7,55.54,87.27,11.66,0.07,69.06,40.47,52.71,47.29,0.53,39.89,28.59,43.28,56.72,20.17,79.83
Rajasthan,Sikar,27.64644058641976,75.29317422839503,111,2677333,94.72,61.71,87.48,12.24,0.04,72.38,50.44,51.36,48.64,0.8,48.09,21.94,37.59,62.41,25.26,74.74
Rajasthan,Sirohi,24.7976905263158,72.75309131578943,117,1036346,93.99,46.01,96.16,2.94,0.12,58.01,33.24,51.55,48.45,0.7,43.51,24.77,40.51,59.49,22.6,77.4
Rajasthan,Tonk,26.153935071707927,75.79192216427637,120,1421326,95.2,52.74,87.49,10.77,0.05,65.69,39.14,51.23,48.77,0.5,41.58,26.55,45.67,54.33,21.48,78.52
Rajasthan,Udaipur,24.44076752136749,73.84029839743584,130,3068420,95.84,51.58,93.53,3.4,0.24,62.13,40.57,51.06,48.94,1.68,42.19,21.56,44.51,55.49,21.55,78.45
Sikkim,East,27.29600352941175,88.74908392156858,93,1709346,88.36,79.15,82.54,10.46,0.92,82.47,75.4,53.09,46.91,17.32,76.32,7.07,33.91,66.09,99.77,0.23000000000000398
Tamil Nadu,Ariyalur,11.190514836795256,79.22249643916912,616,754894,101.46,63.67,93.84,1.05,4.95,71.95,55.5,49.64,50.36,0.69,69.81,16.45,47.67,52.33,11.92,88.08
Tamil Nadu,Chennai,13.058098905608748,80.28139151846806,603,4646732,98.93,81.27,80.73,9.45,7.72,84.26,78.25,50.27,49.73,16.54,83.43,6.01,39.11,60.89,100.0,0.0
Tamil Nadu,Coimbatore,10.871376995940452,77.07619012178621,632,3458045,99.97,76.23,88.03,6.1,5.5,80.66,71.79,50.01,49.99,5.41,76.63,8.87,45.34,54.66,75.65,24.349999999999994
Tamil Nadu,Cuddalore,11.57587300613498,79.63002365371497,617,2605914,98.67,69.66,91.78,4.75,3.2,76.26,62.97,50.34,49.66,2.03,78.92,13.29,44.89,55.11,34.39,65.61
Tamil Nadu,Dharmapuri,12.300141200000006,78.11509813333339,630,1506843,94.61,60.9,96.42,2.54,0.94,68.14,53.25,51.39,48.61,0.75,69.27,14.89,49.85,50.15,18.67,81.33
Tamil Nadu,Dindigul,10.377801390820574,77.78011279554937,612,2159775,99.81,68.61,87.02,4.86,7.87,75.51,61.7,50.05,49.95,1.28,70.08,13.81,51.17,48.83,37.8,62.2
Tamil Nadu,Erode,11.267012155963302,77.42034334862392,610,2251744,99.29,66.29,93.95,3.38,2.48,73.31,59.22,50.18,49.82,2.21,70.55,14.09,53.1,46.9,51.25,48.75
Tamil Nadu,Kancheepuram,12.496424756511884,80.08820360135913,604,3998252,98.63,75.37,88.47,4.35,6.42,80.05,70.62,50.35,49.65,8.27,79.21,9.43,41.86,58.14,63.84,36.16
Tamil Nadu,Kanniyakumari,8.183466300191206,77.32053064053538,629,1870374,101.91,82.8,48.65,4.2,46.85,84.26,81.37,49.53,50.47,2.62,77.87,2.89,36.34,63.66,82.57,17.430000000000007
Tamil Nadu,Karur,10.79532776617955,78.08749686847604,613,1064493,101.54,68.3,93.35,5.01,1.55,76.06,60.66,49.62,50.38,1.35,72.66,15.4,51.04,48.96,41.8,58.2
Tamil Nadu,Madurai,9.904313833333331,78.01366033333332,623,3038252,99.04,74.83,90.86,5.56,3.22,80.17,69.43,50.24,49.76,3.37,74.63,10.74,44.59,55.41,58.66,41.34
Tamil Nadu,Nagapattinam,10.789468161718286,79.79437299431483,618,1616450,102.53,75.04,88.78,7.96,2.94,80.3,69.91,49.38,50.62,1.08,73.77,10.39,41.57,58.43,22.93,77.07
Tamil Nadu,Namakkal,11.33766638477801,78.14624841437633,609,1726601,98.62,68.12,96.93,1.88,0.98,75.16,60.98,50.35,49.65,1.43,70.29,14.18,52.02,47.98,40.98,59.02
Tamil Nadu,Perambalur,11.260137758112096,78.86034011799416,615,565223,100.32,66.49,92.29,5.79,1.82,73.72,59.28,49.92,50.08,0.8,71.98,14.44,53.03,46.97,17.59,82.41
Tamil Nadu,Pudukkottai,10.130514816433578,79.05444484265728,621,1618345,101.49,68.62,88.29,7.06,4.5,75.79,61.55,49.63,50.37,0.89,70.34,14.24,47.07,52.93,20.68,79.32
Tamil Nadu,Ramanathapuram,9.31286995153476,78.99185362412462,626,1353445,98.26,72.33,77.39,15.37,6.73,78.59,65.96,50.44,49.56,1.24,69.84,12.63,44.55,55.45,30.38,69.62
Tamil Nadu,Salem,11.629324202127655,78.2478257978723,608,3482056,95.45,65.64,95.53,2.74,1.55,72.13,58.83,51.16,48.84,1.77,71.38,13.3,48.65,51.35,51.06,48.94
Tamil Nadu,Sivaganga,9.960306580645158,78.56535729032255,622,1339101,100.26,71.67,88.57,5.55,5.64,78.71,64.65,49.93,50.07,1.28,69.46,14.06,46.31,53.69,31.65,68.35
Tamil Nadu,Thanjavur,10.387692255892237,79.3194869107745,620,2405890,103.47,74.44,86.28,7.93,5.57,79.86,69.21,49.15,50.85,1.79,73.75,10.65,40.49,59.51,36.41,63.59
Tamil Nadu,Theni,9.924066666666668,77.43458833333332,624,1245899,99.13,69.84,92.22,4.56,3.02,76.62,62.99,50.22,49.78,1.14,76.06,13.63,47.49,52.51,53.89,46.11
Tamil Nadu,Thiruvallur,13.275858101752885,80.19724702864492,602,3728104,98.72,74.88,89.21,3.84,6.27,79.73,69.98,50.32,49.68,6.76,81.24,9.75,41.26,58.74,65.41,34.59
Tamil Nadu,Thiruvarur,10.368927409395978,79.60322893959727,619,1264277,101.74,74.86,89.6,7.6,2.63,80.28,69.54,49.57,50.43,1.08,74.26,10.74,42.73,57.27,21.28,78.72
Tamil Nadu,Tiruvannamalai,12.419318947368414,79.23265631578953,606,2464875,99.44,66.0,93.08,3.72,2.72,73.62,58.34,50.14,49.86,0.91,77.32,15.28,50.23,49.77,20.71,79.28999999999999
Tamil Nadu,Vellore,12.784882632293078,79.02643283582084,605,3936331,100.66,70.47,86.32,10.54,2.83,76.69,64.29,49.84,50.16,1.81,75.94,12.4,42.92,57.08,42.69,57.31
Tamil Nadu,Virudhunagar,9.468872195892564,77.87641469194315,625,1942288,100.71,72.02,93.84,2.46,3.47,78.57,65.51,49.82,50.18,1.39,68.86,13.06,48.92,51.08,50.49,49.51
Tripura,Dhalai,23.781360477941163,91.94654283088232,291,378230,94.42,73.03,81.2,2.18,6.07,77.95,67.82,51.44,48.56,0.26,45.28,10.13,41.2,58.8,13.59,86.41
Tripura,North Tripura,24.121739755351683,92.17842538226292,292,693947,96.66,74.99,73.2,15.24,6.35,78.12,71.76,50.85,49.15,0.52,42.36,6.36,35.83,64.17,21.9,78.1
Tripura,South Tripura,23.211874098057383,91.6065807585568,290,876001,95.74,73.84,84.02,5.62,4.48,78.45,69.02,51.09,48.91,0.36,50.65,9.43,41.88,58.12,17.0,83.0
Tripura,West Tripura,23.780166241299337,91.41310788863107,289,1725739,96.23,78.89,87.66,8.85,3.11,82.21,75.43,50.96,49.04,1.26,62.09,6.78,40.46,59.54,42.83,57.17
Uttar Pradesh,Agra,26.99512974910393,78.05278291517321,146,4418797,86.85,60.66,88.77,9.31,0.23,68.27,51.9,53.52,46.48,3.01,59.35,16.37,31.45,68.55,45.01,54.99
Uttar Pradesh,Aligarh,27.93748576850093,78.00146831119557,143,3673889,88.21,56.96,79.05,19.85,0.21,65.75,46.99,53.13,46.87,1.59,31.25,18.76,31.97,68.03,32.16,67.84
Uttar Pradesh,Allahabad,25.392038662316445,82.05172446982063,175,5954391,90.13,61.56,85.69,13.38,0.23,70.23,51.95,52.6,47.4,1.93,31.36,18.28,35.47,64.53,21.25,78.75
Uttar Pradesh,Ambedkar Nagar,26.39119025974028,82.68282142857147,178,2397888,97.78,62.01,82.81,16.75,0.11,69.83,54.01,50.56,49.44,0.44,17.58,15.82,32.84,67.16,11.48,88.52
Uttar Pradesh,Auraiya,26.66892394014961,79.42637057356607,162,1379545,86.41,67.47,92.32,7.39,0.07,73.81,60.15,53.64,46.36,0.76,20.84,13.66,32.04,67.96,18.59,81.41
Uttar Pradesh,Azamgarh,26.008290954773837,83.01220251256285,191,4613913,101.92,60.08,84.06,15.58,0.08,68.25,52.06,49.52,50.48,0.68,18.88,16.19,29.74,70.26,8.28,91.72
Uttar Pradesh,Baghpat,29.045793499999988,77.30266300000001,139,1303048,86.13,61.24,70.41,27.98,0.14,69.97,51.1,53.73,46.27,0.95,37.69,18.87,31.98,68.02,22.15,77.85
Uttar Pradesh,Bahraich,27.691776300578027,81.46779783237004,180,3487731,89.15,40.09,65.71,33.53,0.18,47.63,31.64,52.87,47.13,0.35,11.29,15.99,33.03,66.97,8.12,91.88
Uttar Pradesh,Ballia,25.86075638297873,84.03651978723408,193,3239774,93.66,60.61,92.73,6.59,0.14,69.4,51.22,51.64,48.36,0.74,19.06,18.18,31.47,68.53,10.24,89.76
Uttar Pradesh,Balrampur,27.449076537911324,82.47158326180256,182,2148665,92.75,40.41,62.05,37.51,0.15,48.89,31.28,51.88,48.12,0.35,12.87,17.61,35.38,64.62,8.02,91.98
Uttar Pradesh,Banda,25.351885902503284,80.52487391304344,170,1799410,86.3,55.74,91.0,8.76,0.08,65.29,44.67,53.68,46.32,0.37,16.5,20.62,39.0,61.0,15.16,84.84
Uttar Pradesh,Bara Banki,26.922777025232424,81.35762350597606,176,3260699,91.01,51.9,76.84,22.61,0.15,59.2,43.89,52.35,47.65,0.44,15.12,15.31,36.58,63.42,11.06,88.94
Uttar Pradesh,Bareilly,28.51101940789474,79.43187072368416,150,4448359,88.68,49.27,63.64,34.54,0.33,56.95,40.61,53.0,47.0,1.52,27.44,16.34,31.52,68.48,36.48,63.52
Uttar Pradesh,Basti,26.833880454545447,82.69790590909092,185,2464464,96.33,56.56,84.52,14.79,0.14,65.3,47.48,50.93,49.07,0.63,19.83,17.82,31.8,68.2,5.7,94.3
Uttar Pradesh,Bijnor,29.313974259681096,78.45098815489754,134,3682713,91.69,57.98,55.18,43.04,0.17,64.62,50.75,52.17,47.83,0.8,29.54,13.87,29.54,70.46,24.73,75.27
Uttar Pradesh,Bulandshahr,28.34875862068968,78.01082758620684,142,3499171,89.63,58.06,77.37,22.22,0.12,67.92,47.06,52.73,47.27,0.89,25.44,20.86,33.53,66.47,25.18,74.82
Uttar Pradesh,Chandauli,25.1180859611231,83.25307062634984,196,1952756,91.84,60.15,88.48,11.01,0.11,68.72,50.83,52.13,47.87,0.88,25.17,17.89,33.42,66.58,12.84,87.16
Uttar Pradesh,Chitrakoot,25.159924623803,81.07666087551297,171,991730,87.93,53.55,96.33,3.48,0.07,62.6,43.26,53.21,46.79,0.36,17.78,19.34,39.75,60.25,10.21,89.78999999999999
Uttar Pradesh,Deoria,26.42218856548857,83.8244070686071,190,3100946,101.7,60.47,88.07,11.56,0.12,70.2,50.91,49.58,50.42,0.67,22.53,19.29,28.26,71.74,10.2,89.8
Uttar Pradesh,Etah,27.591155309734443,78.70021858407083,201,1774480,87.31,59.47,90.79,8.25,0.14,68.3,49.35,53.39,46.61,0.66,17.31,18.95,30.77,69.23,16.85,83.15
Uttar Pradesh,Etawah,26.78817670157068,79.07621806282728,161,1581810,87.01,67.14,92.17,7.2,0.09,73.72,59.57,53.47,46.53,0.84,32.21,14.15,31.99,68.01,24.35,75.65
Uttar Pradesh,Faizabad,26.60589185185181,82.00783530864202,177,2470996,96.17,58.72,84.75,14.8,0.13,66.55,50.57,50.98,49.02,0.8,21.67,15.98,33.64,66.36,13.45,86.55
Uttar Pradesh,Farrukhabad,27.45063297872342,79.4406284574468,159,1885204,87.35,57.96,84.67,14.69,0.17,65.08,49.81,53.38,46.62,0.64,21.41,15.27,31.42,68.58,23.05,76.95
Uttar Pradesh,Fatehpur,25.8374362030905,80.85416203090509,172,2632733,90.13,57.44,86.4,13.32,0.08,65.79,48.17,52.6,47.4,0.53,11.82,17.62,40.41,59.59,12.21,87.78999999999999
Uttar Pradesh,Firozabad,27.20963993055552,78.42660624999998,147,2498156,87.54,60.92,85.69,12.6,0.13,68.49,52.27,53.32,46.68,1.09,36.63,16.22,30.48,69.52,34.67,65.33
Uttar Pradesh,Gautam Buddha Nagar,28.393311038961038,77.52462467532465,141,1648115,85.14,68.14,84.58,13.08,0.45,74.82,60.28,54.01,45.99,10.43,50.53,14.54,34.53,65.47,66.49,33.510000000000005
Uttar Pradesh,Ghaziabad,28.74997308584685,77.67441879350343,140,4681645,88.11,66.71,72.93,25.35,0.41,72.78,59.83,53.16,46.84,6.55,58.33,12.95,32.48,67.52,70.18,29.819999999999993
Uttar Pradesh,Ghazipur,25.624724775583484,83.5360854578097,195,3620268,95.15,60.7,89.32,10.17,0.12,69.73,51.21,51.24,48.76,0.7,13.89,18.52,33.27,66.73,8.07,91.93
Uttar Pradesh,Gonda,27.157215552099505,82.0226888024882,183,3433919,92.15,48.92,79.77,19.76,0.14,57.87,39.22,52.04,47.96,0.59,14.33,18.65,34.09,65.91,7.27,92.73
Uttar Pradesh,Gorakhpur,26.63315886792452,83.3549560377358,188,4440895,94.97,60.81,90.28,9.09,0.22,69.98,51.15,51.29,48.71,1.53,31.19,18.83,30.44,69.56,19.89,80.11
Uttar Pradesh,Hamirpur,25.738158381502892,79.82619479768789,28,454768,109.5,78.74,98.82,0.82,0.05,83.18,74.69,47.73,52.27,1.19,49.26,8.49,53.2,46.8,7.21,92.79
Uttar Pradesh,Hamirpur,25.738158381502892,79.82619479768789,168,1104285,86.05,59.16,91.46,8.26,0.07,68.76,48.0,53.75,46.25,0.38,17.96,20.76,40.18,59.82,17.76,82.24
Uttar Pradesh,Hardoi,27.337409090909137,80.26411767676768,155,4092845,86.76,54.28,85.71,13.59,0.14,62.73,44.55,53.54,46.46,0.42,10.52,18.18,32.23,67.77,13.34,86.66
Uttar Pradesh,Jalaun,26.067954587155988,79.36686911314993,165,1689974,86.51,63.62,89.33,10.15,0.07,72.12,53.8,53.62,46.38,0.56,26.28,18.32,36.73,63.27,23.1,76.9
Uttar Pradesh,Jaunpur,25.70141280913127,82.54315351934063,194,4494204,102.4,60.78,88.59,10.76,0.11,70.5,51.29,49.41,50.59,0.79,18.03,19.21,31.98,68.02,8.0,92.0
Uttar Pradesh,Jhansi,25.45581535234902,78.89954580536917,166,1998603,89.0,65.27,91.26,7.4,0.35,74.11,55.34,52.91,47.09,1.69,36.31,18.77,40.77,59.23,38.68,61.32
Uttar Pradesh,Jyotiba Phule Nagar,28.870498984771597,78.39009365482241,137,1840221,91.0,53.42,58.44,40.78,0.32,62.33,43.63,52.36,47.64,0.63,19.79,18.7,32.56,67.44,25.59,74.41
Uttar Pradesh,Kannauj,26.993988617886185,79.64437940379408,160,1656616,87.87,61.4,83.05,16.54,0.08,68.45,53.36,53.23,46.77,0.68,16.81,15.09,31.67,68.33,18.04,81.96000000000001
Uttar Pradesh,Kanpur Dehat,26.43047641196011,79.98710083056478,163,1796184,86.47,65.15,89.8,9.82,0.07,71.94,57.3,53.63,46.37,0.66,12.28,14.64,35.01,64.99,10.2,89.8
Uttar Pradesh,Kaushambi,25.53587532051282,81.41811282051287,174,1599596,90.77,50.85,85.8,13.78,0.14,60.5,40.22,52.42,47.58,0.39,11.5,20.28,39.95,60.05,8.08,91.92
Uttar Pradesh,Kushinagar,26.892530675909864,83.92261542461007,189,3564544,96.06,54.84,82.16,17.4,0.14,65.11,44.15,51.0,49.0,0.44,16.22,20.96,31.34,68.66,5.45,94.55
Uttar Pradesh,Lalitpur,24.58877161016945,78.60082330508473,167,1221592,90.57,52.49,95.27,2.76,0.11,62.02,41.96,52.47,47.53,0.36,25.54,20.06,41.2,58.8,14.52,85.48
Uttar Pradesh,Lucknow,26.838233589251463,80.89706026871404,157,4589838,91.68,68.13,77.08,21.46,0.45,72.77,63.08,52.17,47.83,6.45,54.89,9.69,33.61,66.39,67.59,32.41
Uttar Pradesh,Mahoba,25.34529670138888,79.67863003472216,169,875958,87.83,55.72,93.06,6.56,0.11,64.82,45.37,53.24,46.76,0.53,17.4,19.45,39.92,60.08,19.66,80.34
Uttar Pradesh,Mainpuri,27.17386862302482,79.03501851015807,148,1868529,88.1,64.43,93.48,5.39,0.09,71.69,56.19,53.16,46.84,0.64,19.21,15.5,30.02,69.98,17.7,82.3
Uttar Pradesh,Mathura,27.59390432801821,77.62153416856502,145,2547184,86.32,59.19,90.72,8.52,0.12,69.0,47.83,53.67,46.33,1.49,48.05,21.17,33.01,66.99,30.38,69.62
Uttar Pradesh,Mau,26.01082203791469,83.50582654028433,192,2205968,97.9,61.79,80.23,19.43,0.1,69.35,54.06,50.53,49.47,0.59,33.2,15.29,31.58,68.42,22.0,78.0
Uttar Pradesh,Meerut,29.02957625698323,77.80611005586593,138,3443689,88.62,62.19,63.4,34.43,0.31,68.71,54.82,53.02,46.98,2.95,52.95,13.89,31.67,68.33,52.54,47.46
Uttar Pradesh,Mirzapur,25.10207959183675,82.60126628571429,199,2496970,90.27,57.22,91.81,7.84,0.1,65.98,47.51,52.56,47.44,0.82,26.88,18.47,35.32,64.68,14.35,85.65
Uttar Pradesh,Moradabad,28.851770406189537,78.73580193423597,135,4772006,90.64,47.44,52.14,47.12,0.28,54.23,39.95,52.46,47.54,1.12,26.89,14.28,29.71,70.29,33.93,66.07
Uttar Pradesh,Muzaffarnagar,29.470507977736563,77.64017847866423,133,4143512,88.91,58.34,57.51,41.3,0.16,66.04,49.68,52.94,47.06,1.04,37.96,16.36,31.17,68.83,30.53,69.47
Uttar Pradesh,Pilibhit,28.52024175035868,79.90103974175037,151,2031007,89.46,52.24,71.34,24.11,0.17,61.03,42.42,52.78,47.22,0.62,17.99,18.61,30.46,69.54,19.43,80.57
Uttar Pradesh,Pratapgarh,25.864842731707316,81.93530048780492,131,867848,98.25,46.27,95.33,2.95,0.04,57.14,35.2,50.44,49.56,0.31,30.59,21.94,55.46,44.54,10.37,89.63
Uttar Pradesh,Pratapgarh,25.864842731707316,81.93530048780492,173,3209141,99.81,60.19,85.11,14.1,0.12,69.82,50.54,50.05,49.95,0.68,18.67,19.28,33.24,66.76,5.54,94.46
Uttar Pradesh,Rae Bareli,26.253902840059787,81.22260463378181,158,3405559,94.32,57.72,87.39,12.13,0.11,66.53,48.39,51.46,48.54,0.67,31.84,18.14,35.37,64.63,9.43,90.57
Uttar Pradesh,Rampur,28.83244727272725,79.10977333333337,136,2335819,90.85,44.68,45.97,50.57,0.39,51.51,37.17,52.4,47.6,0.71,24.28,14.34,31.56,68.44,26.52,73.48
Uttar Pradesh,Saharanpur,30.03381165217392,77.59905147826095,132,3466382,89.0,59.92,56.74,41.95,0.19,66.52,52.5,52.91,47.09,1.09,45.49,14.02,29.93,70.07,31.95,68.05
Uttar Pradesh,Sant Kabir Nagar,26.791596516393444,83.0387764344262,186,1715183,97.23,55.68,75.83,23.58,0.1,65.21,45.87,50.7,49.3,0.58,22.58,19.34,31.45,68.55,7.72,92.28
Uttar Pradesh,Shahjahanpur,27.991389350649328,79.8302275324675,152,3006538,87.16,49.59,80.24,17.55,0.15,56.97,41.12,53.43,46.57,0.59,17.58,15.85,29.68,70.32,20.57,79.43
Uttar Pradesh,Sitapur,27.501995963091108,80.85288881199547,154,4483992,88.78,50.93,79.29,19.93,0.15,58.84,42.02,52.97,47.03,0.41,10.87,16.82,31.73,68.27,11.86,88.14
Uttar Pradesh,Sonbhadra,24.46693268858798,83.06816324951639,200,1862559,91.75,52.92,93.35,5.56,0.21,61.97,43.06,52.15,47.85,1.2,22.33,18.91,39.21,60.79,21.27,78.73
Uttar Pradesh,Sultanpur,26.2846386419753,82.05710456790123,179,3797117,98.33,58.99,82.16,17.13,0.12,67.91,49.91,50.42,49.58,0.67,26.27,18.0,32.73,67.27,5.61,94.39
Uttar Pradesh,Unnao,26.63163990895297,80.636773292868,156,3108367,90.69,57.06,87.89,11.69,0.11,64.6,48.74,52.44,47.56,0.48,13.87,15.86,36.18,63.82,16.87,83.13
Uttar Pradesh,Varanasi,25.36057088888889,82.82529666666672,197,3676841,91.32,65.38,84.52,14.88,0.21,72.28,57.82,52.27,47.73,2.54,44.51,14.46,33.2,66.8,41.87,58.13
Uttaranchal,Almora,29.683532133676103,79.50165064267351,64,622506,113.86,70.12,98.19,1.25,0.3,79.57,61.82,46.76,53.24,0.65,39.08,17.75,47.9,52.1,7.5,92.5
Uttaranchal,Bageshwar,29.98703393393397,79.83954354354357,63,259898,109.05,69.06,99.08,0.55,0.15,78.46,60.44,47.84,52.16,0.44,47.12,18.02,47.57,52.43,3.88,96.12
Uttaranchal,Chamoli,30.58338611464965,79.56281095541402,57,391605,101.87,71.64,98.52,1.12,0.11,80.1,63.34,49.54,50.46,0.48,38.38,16.76,46.2,53.8,12.29,87.71000000000001
Uttaranchal,Champawat,29.29142393939393,80.07720212121217,65,259648,98.02,68.45,96.12,3.35,0.34,77.8,58.91,50.5,49.5,0.56,38.48,18.89,38.35,61.65,13.1,86.9
Uttaranchal,Pithoragarh,30.14720631868129,80.34229230769236,62,483439,102.02,71.48,98.28,1.24,0.29,79.24,63.87,49.5,50.5,0.64,45.45,15.37,44.78,55.22,12.51,87.49
Uttaranchal,Tehri Garhwal,30.463700918635173,78.48783792650917,59,618931,107.7,65.92,98.53,1.19,0.11,76.31,56.27,48.15,51.85,0.54,46.11,20.04,45.31,54.69,10.69,89.31
Uttaranchal,Udham Singh Nagar,29.02779577677222,79.45629004524895,67,1648902,92.0,62.94,66.98,22.58,0.37,69.69,55.6,52.08,47.92,1.9,61.45,14.09,35.87,64.13,35.03,64.97
Uttaranchal,Uttarkashi,30.968958552036234,78.56880615384617,56,330086,95.78,65.17,98.42,1.08,0.11,76.06,53.8,51.08,48.92,0.5,43.41,22.26,47.65,52.35,7.48,92.52
West Bengal,Bankura,23.081280892857155,87.12640053571437,339,3596674,95.67,62.08,84.34,8.08,0.11,70.69,53.09,51.11,48.89,0.43,33.76,17.6,40.77,59.23,9.17,90.83
West Bengal,Barddhaman,23.444453888888884,87.8150581111111,335,7717563,94.55,67.99,77.85,20.73,0.27,73.56,62.1,51.4,48.6,1.45,47.14,11.46,37.72,62.28,38.72,61.28
West Bengal,Birbhum,24.06389342723,87.65153089201888,334,3502404,95.56,61.63,62.29,37.06,0.31,67.09,55.91,51.13,48.87,0.54,34.56,11.18,38.02,61.98,13.94,86.06
West Bengal,Dakshin Dinajpur,25.342094363021435,88.69821679819614,331,1676276,95.55,64.65,73.55,24.63,1.48,69.58,59.48,51.14,48.86,0.55,36.46,10.1,41.94,58.06,15.2,84.8
West Bengal,Darjiling,26.839619571045585,88.33145067024122,327,1846823,97.05,71.24,74.0,5.69,7.68,76.57,65.74,50.75,49.25,2.11,57.26,10.83,37.02,62.98,41.56,58.44
West Bengal,Haora,22.401674174428507,87.99421176968654,341,4850029,93.94,74.33,72.9,26.2,0.18,77.69,70.76,51.56,48.44,2.27,58.92,6.93,37.52,62.48,64.27,35.730000000000004
West Bengal,Hugli,22.87929264705881,88.00010264705891,338,5519145,96.09,73.9,82.89,15.77,0.13,78.58,69.02,51.0,49.0,1.93,58.86,9.56,39.01,60.99,39.51,60.49
West Bengal,Jalpaiguri,26.62642031250004,89.04154375000003,328,3872846,95.3,64.52,81.51,11.51,4.81,70.43,58.32,51.2,48.8,0.83,34.22,12.11,39.06,60.94,28.58,71.42
West Bengal,Kolkata,22.550581481481483,88.3527648148148,342,4496694,90.8,79.8,76.51,20.6,0.88,81.76,77.63,52.41,47.59,10.44,70.91,4.13,39.93,60.07,100.0,0.0
West Bengal,Maldah,25.08026802575105,88.17191684549356,332,3988845,94.43,52.31,47.99,51.27,0.33,56.15,48.23,51.43,48.57,0.56,31.04,7.92,38.55,61.45,13.42,86.58
West Bengal,Murshidabad,24.25950655391121,88.16816860465121,333,7103807,95.83,57.09,33.21,66.27,0.25,60.02,54.04,51.07,48.93,0.43,29.22,5.98,36.46,63.54,18.95,81.05
West Bengal,Nadia,23.56410971055088,88.58293034547152,336,5167600,94.73,67.35,72.15,26.76,0.65,70.8,63.72,51.35,48.65,0.83,40.25,7.08,35.66,64.34,30.22,69.78
West Bengal,Puruliya,23.254192328767108,86.3968532876713,340,2930115,95.73,55.46,80.99,7.76,0.3,66.94,43.46,51.09,48.91,0.47,25.23,23.48,42.65,57.35,13.21,86.78999999999999
West Bengal,Uttar Dinajpur,26.044619165196977,88.23595232216337,330,3007134,93.88,49.54,49.31,49.92,0.56,55.03,43.69,51.58,48.42,0.37,25.61,11.34,35.77,64.23,12.11,87.89
